id,prefecture_area,course_name,latitude,longitude,length_en,length_ja,elevation_gain_m,route_variant_of,distance_method,hilliness_en,hilliness_ja,children_en,children_ja,children_rating,older_adults_en,older_adults_ja,older_adults_rating,suitability_confidence,suitability_note_en,suitability_note_ja,suitability_signals_en,suitability_signals_ja,route_polyline_available,map_pdf_url,description_short
"aomori_aomori01","青森県 青森市","浅虫温泉海山クア（健康）の道","40.891134","140.862468","About 4.2 km","約4.2km","","","known_length_from_source_text","Hilly","坂・傾斜多め","Use caution","注意して可","caution","Use caution","注意して可","caution","inferred_from_course_description","Includes slopes, viewpoints, or old paths, so pace and rests should be planned.","坂・展望地・古道などを含むため、ペースと休憩計画が必要です。","Published distance: longer (4.2 km). | Facility signal: public description mentions rest, visitor, station, roadside-station, or hot-spring facilities. | Slope signal: hills, viewpoints, old paths, or strong slopes appear in the source description. | Result: children = Use caution; older adults = Use caution.","公表距離: やや長め（4.2km）。 | 施設の信号: 休憩・案内・道の駅・温泉などの施設が説明に出ています。 | 坂・起伏の信号: 展望地・古道・強い傾斜などが説明に出ています。 | 判定: 子ども = 注意して可、高齢者 = 注意して可。","false","http://kurortwalking.com/file/aomori/aomori01.pdf","浅虫温泉の海も山も楽しむ、自然豊かなコース"
"iwate_kitakami_iwate_kitakami_thecampus","岩手県 北上市 “the campus 〜トロイカの森〜”（民間企業）","the campus 縄文の森コース","39.3306","141.1129","1.61 km","1.61km","63","","known_length_from_source_text","Rolling","起伏あり","Usually OK","概ね可","ok","Usually OK","概ね可","ok","inferred_from_course_description","Suitability is inferred from public route descriptions; confirm exact distance, surface, and weather before walking.","公開説明からの推定です。歩く前に正確な距離・路面・天候を確認してください。","Published distance: moderate (1.61 km). | Result: children = Usually OK; older adults = Usually OK.","公表距離: 中程度（1.61km）。 | 判定: 子ども = 概ね可、高齢者 = 概ね可。","false","http://kurortwalking.com/file/iwate-kitakami/iwate_kitakami_thecampus.pdf","北上盆地の風と四季を感じて"
"iwate_kitakami_iwate_kitakami_thecampus_short","岩手県 北上市 “the campus 〜トロイカの森〜”（民間企業）","the campus 縄文の森コース ショート","39.3306","141.1129","1.14 km","1.14km","40","iwate_kitakami_iwate_kitakami_thecampus","known_length_from_source_text","Rolling","起伏あり","Usually OK","概ね可","ok","Usually OK","概ね可","ok","inferred_from_course_description","Suitability is inferred from public route descriptions; confirm exact distance, surface, and weather before walking.","公開説明からの推定です。歩く前に正確な距離・路面・天候を確認してください。","Published distance: short (1.14 km). | Result: children = Usually OK; older adults = Usually OK.","公表距離: 短め（1.14km）。 | 判定: 子ども = 概ね可、高齢者 = 概ね可。","false","http://kurortwalking.com/file/iwate-kitakami/iwate_kitakami_thecampus.pdf","北上盆地の風と四季を感じて"
"iwate_takizawa_iwate_takizawa_sogokoen","岩手県 滝沢市","滝沢総合公園コース","39.742","141.076","3.21 km","3.21km","73","","known_length_from_source_text","Hilly","坂・傾斜多め","Use caution","注意して可","caution","Use caution","注意して可","caution","inferred_from_course_description","Park or urban setting makes this easier to access, though local slopes and distance still matter.","公園・都市型のためアクセスしやすい一方、現地の坂や距離は確認が必要です。","Published distance: moderate (3.21 km). | Park setting signal: likely clearer paths and more predictable facilities than remote nature routes. | Slope signal: hills, viewpoints, old paths, or strong slopes appear in the source description. | Result: children = Use caution; older adults = Use caution.","公表距離: 中程度（3.21km）。 | 公園系の信号: 山道より道や施設を把握しやすい可能性があります。 | 坂・起伏の信号: 展望地・古道・強い傾斜などが説明に出ています。 | 判定: 子ども = 注意して可、高齢者 = 注意して可。","false","http://kurortwalking.com/file/iwate-takizawa/iwate_takizawa_sogokoen.pdf","ビッグルーフを拠点に総合公園を歩く"
"iwate_takizawa_iwate_takizawa_kurakakeainosawa","岩手県 滝沢市","鞍掛 くらかけ ・ 相 あい の 沢 さわ コース","39.817","141.018","2.78 km","2.78km","83","","known_length_from_source_text","Hilly","坂・傾斜多め","Use caution","注意して可","caution","Use caution","注意して可","caution","inferred_from_course_description","Includes slopes, viewpoints, or old paths, so pace and rests should be planned.","坂・展望地・古道などを含むため、ペースと休憩計画が必要です。","Published distance: moderate (2.78 km). | Slope signal: hills, viewpoints, old paths, or strong slopes appear in the source description. | Result: children = Use caution; older adults = Use caution.","公表距離: 中程度（2.78km）。 | 坂・起伏の信号: 展望地・古道・強い傾斜などが説明に出ています。 | 判定: 子ども = 注意して可、高齢者 = 注意して可。","false","http://kurortwalking.com/file/iwate-takizawa/iwate_takizawa_kurakakeainosawa.pdf","「イーハトーブの風景地」を歩く"
"iwate_ichinohe_iwate_ichinohe_park","岩手県 一戸町","一戸町総合運動公園コース","40.213","141.302","3.39 km","3.39km","93","","known_length_from_source_text","Rolling","起伏あり","Good fit","向いている","good","Usually OK","概ね可","ok","inferred_from_course_description","Park or urban setting makes this easier to access, though local slopes and distance still matter.","公園・都市型のためアクセスしやすい一方、現地の坂や距離は確認が必要です。","Published distance: moderate (3.39 km). | Park setting signal: likely clearer paths and more predictable facilities than remote nature routes. | Result: children = Good fit; older adults = Usually OK.","公表距離: 中程度（3.39km）。 | 公園系の信号: 山道より道や施設を把握しやすい可能性があります。 | 判定: 子ども = 向いている、高齢者 = 概ね可。","false","http://kurortwalking.com/file/iwate-ichinohe/iwate_ichinohe_park.pdf","町民の運動拠点でドイツ式ウオーキングを"
"iwate_ichinohe_iwate_ichinohe_park_short_s1_s2","岩手県 一戸町","一戸町総合運動公園コース S1・S2利用","40.213","141.302","1.95 km","1.95km","36","iwate_ichinohe_iwate_ichinohe_park","known_length_from_source_text","Rolling","起伏あり","Good fit","向いている","good","Usually OK","概ね可","ok","inferred_from_course_description","Park or urban setting makes this easier to access, though local slopes and distance still matter.","公園・都市型のためアクセスしやすい一方、現地の坂や距離は確認が必要です。","Published distance: moderate (1.95 km). | Park setting signal: likely clearer paths and more predictable facilities than remote nature routes. | Result: children = Good fit; older adults = Usually OK.","公表距離: 中程度（1.95km）。 | 公園系の信号: 山道より道や施設を把握しやすい可能性があります。 | 判定: 子ども = 向いている、高齢者 = 概ね可。","false","http://kurortwalking.com/file/iwate-ichinohe/iwate_ichinohe_park.pdf","町民の運動拠点でドイツ式ウオーキングを"
"iwate_ichinohe_iwate_ichinohe_park_short_s2","岩手県 一戸町","一戸町総合運動公園コース S2利用","40.213","141.302","2.71 km","2.71km","65","iwate_ichinohe_iwate_ichinohe_park","known_length_from_source_text","Rolling","起伏あり","Good fit","向いている","good","Usually OK","概ね可","ok","inferred_from_course_description","Park or urban setting makes this easier to access, though local slopes and distance still matter.","公園・都市型のためアクセスしやすい一方、現地の坂や距離は確認が必要です。","Published distance: moderate (2.71 km). | Park setting signal: likely clearer paths and more predictable facilities than remote nature routes. | Result: children = Good fit; older adults = Usually OK.","公表距離: 中程度（2.71km）。 | 公園系の信号: 山道より道や施設を把握しやすい可能性があります。 | 判定: 子ども = 向いている、高齢者 = 概ね可。","false","http://kurortwalking.com/file/iwate-ichinohe/iwate_ichinohe_park.pdf","町民の運動拠点でドイツ式ウオーキングを"
"iwate_ichinohe_iwate_ichinohe_okunakayama_yamanohibiki","岩手県 一戸町","奥中山高原コース 山の響きコース","40.0623","141.2146","1.95 km","1.95km","102","iwate_ichinohe_iwate_ichinohe_okunakayama","known_length_from_source_text","Mountain/highland","山・高原","Use caution","注意して可","caution","Use caution","注意して可","caution","inferred_from_course_description","Highland or mountain setting; better for confident walkers and guided outings.","山・高原環境のため、歩き慣れた人やガイド同行向けです。","Published distance: moderate (1.95 km). | Facility signal: public description mentions rest, visitor, station, roadside-station, or hot-spring facilities. | Highland/mountain signal: weather, temperature, and fatigue risk can be higher. | Result: children = Use caution; older adults = Use caution.","公表距離: 中程度（1.95km）。 | 施設の信号: 休憩・案内・道の駅・温泉などの施設が説明に出ています。 | 山・高原の信号: 天候・気温・疲労リスクが高くなる可能性があります。 | 判定: 子ども = 注意して可、高齢者 = 注意して可。","false","http://kurortwalking.com/file/iwate-ichinohe/iwate_ichinohe_okunakayama.pdf","奥中山高原のゲレンデを歩く高原コース"
"iwate_ichinohe_iwate_ichinohe_okunakayama_midorinosanpomichi","岩手県 一戸町","奥中山高原コース 緑の散歩道コース","40.0599","141.2133","1.78 km","1.78km","70","iwate_ichinohe_iwate_ichinohe_okunakayama","known_length_from_source_text","Mountain/highland","山・高原","Use caution","注意して可","caution","Use caution","注意して可","caution","inferred_from_course_description","Highland or mountain setting; better for confident walkers and guided outings.","山・高原環境のため、歩き慣れた人やガイド同行向けです。","Published distance: moderate (1.78 km). | Facility signal: public description mentions rest, visitor, station, roadside-station, or hot-spring facilities. | Highland/mountain signal: weather, temperature, and fatigue risk can be higher. | Result: children = Use caution; older adults = Use caution.","公表距離: 中程度（1.78km）。 | 施設の信号: 休憩・案内・道の駅・温泉などの施設が説明に出ています。 | 山・高原の信号: 天候・気温・疲労リスクが高くなる可能性があります。 | 判定: 子ども = 注意して可、高齢者 = 注意して可。","false","http://kurortwalking.com/file/iwate-ichinohe/iwate_ichinohe_okunakayama.pdf","比較的緩やかな奥中山高原の散歩道コース"
"iwate_iwate_iwate_iwate_park","岩手県 岩手町","岩手町総合運動公園コース","39.972","141.212","2.16 km","2.16km","49","","known_length_from_source_text","Rolling","起伏あり","Good fit","向いている","good","Usually OK","概ね可","ok","inferred_from_course_description","Park or urban setting makes this easier to access, though local slopes and distance still matter.","公園・都市型のためアクセスしやすい一方、現地の坂や距離は確認が必要です。","Published distance: moderate (2.16 km). | Park setting signal: likely clearer paths and more predictable facilities than remote nature routes. | Result: children = Good fit; older adults = Usually OK.","公表距離: 中程度（2.16km）。 | 公園系の信号: 山道より道や施設を把握しやすい可能性があります。 | 判定: 子ども = 向いている、高齢者 = 概ね可。","false","http://kurortwalking.com/file/iwate-iwate/iwate_iwate_park.pdf","競技スポーツの場で誰もが取り組める心身の健康づくりを"
"iwate_iwate_iwate_iwate_ishigami","岩手県 岩手町","石神の丘アートコース","39.973","141.218","3.05 km","3.05km","80","","known_length_from_source_text","Rolling","起伏あり","Good fit","向いている","good","Usually OK","概ね可","ok","inferred_from_course_description","Park or urban setting makes this easier to access, though local slopes and distance still matter.","公園・都市型のためアクセスしやすい一方、現地の坂や距離は確認が必要です。","Published distance: moderate (3.05 km). | Urban/access signal: likely easier to reach and easier to exit early. | Park setting signal: likely clearer paths and more predictable facilities than remote nature routes. | Facility signal: public description mentions rest, visitor, station, roadside-station, or hot-spring facilities. | Result: children = Good fit; older adults = Usually OK.","公表距離: 中程度（3.05km）。 | 都市・アクセス面の信号: 行きやすく、途中離脱もしやすい可能性があります。 | 公園系の信号: 山道より道や施設を把握しやすい可能性があります。 | 施設の信号: 休憩・案内・道の駅・温泉などの施設が説明に出ています。 | 判定: 子ども = 向いている、高齢者 = 概ね可。","false","http://kurortwalking.com/file/iwate-iwate/iwate_iwate_ishigami.pdf","自然とアートの美を健康づくりに活用"
"iwate_iwate_iwate_iwate_ishigami_museum","岩手県 岩手町","石神の丘アートコース 美術館スタート","39.973","141.218","1.62 km","1.62km","41","iwate_iwate_iwate_iwate_ishigami","known_length_from_source_text","Rolling","起伏あり","Good fit","向いている","good","Usually OK","概ね可","ok","inferred_from_course_description","Park or urban setting makes this easier to access, though local slopes and distance still matter.","公園・都市型のためアクセスしやすい一方、現地の坂や距離は確認が必要です。","Published distance: moderate (1.62 km). | Urban/access signal: likely easier to reach and easier to exit early. | Park setting signal: likely clearer paths and more predictable facilities than remote nature routes. | Facility signal: public description mentions rest, visitor, station, roadside-station, or hot-spring facilities. | Result: children = Good fit; older adults = Usually OK.","公表距離: 中程度（1.62km）。 | 都市・アクセス面の信号: 行きやすく、途中離脱もしやすい可能性があります。 | 公園系の信号: 山道より道や施設を把握しやすい可能性があります。 | 施設の信号: 休憩・案内・道の駅・温泉などの施設が説明に出ています。 | 判定: 子ども = 向いている、高齢者 = 概ね可。","false","http://kurortwalking.com/file/iwate-iwate/iwate_iwate_ishigami.pdf","自然とアートの美を健康づくりに活用"
"akita_akita01_long","秋田県 三種町","森岳温泉石倉山コース ロングコース","40.1042","140.0628","2.4 km","2.4km","124","akita_akita01","known_length_from_source_text","Hilly","坂・傾斜多め","Use caution","注意して可","caution","Use caution","注意して可","caution","inferred_from_course_description","Park or urban setting makes this easier to access, though local slopes and distance still matter.","公園・都市型のためアクセスしやすい一方、現地の坂や距離は確認が必要です。","Published distance: moderate (2.4 km). | Park setting signal: likely clearer paths and more predictable facilities than remote nature routes. | Facility signal: public description mentions rest, visitor, station, roadside-station, or hot-spring facilities. | Slope signal: hills, viewpoints, old paths, or strong slopes appear in the source description. | Result: children = Use caution; older adults = Use caution.","公表距離: 中程度（2.4km）。 | 公園系の信号: 山道より道や施設を把握しやすい可能性があります。 | 施設の信号: 休憩・案内・道の駅・温泉などの施設が説明に出ています。 | 坂・起伏の信号: 展望地・古道・強い傾斜などが説明に出ています。 | 判定: 子ども = 注意して可、高齢者 = 注意して可。","false","http://kurortwalking.com/file/akita/akita01.pdf","石倉山公園を長めに歩くロングコース"
"akita_akita01_mountain","秋田県 三種町","森岳温泉石倉山コース 山コース","40.1032","140.0654","2.2 km","2.2km","116","akita_akita01","known_length_from_source_text","Hilly","坂・傾斜多め","Use caution","注意して可","caution","Use caution","注意して可","caution","inferred_from_course_description","Park or urban setting makes this easier to access, though local slopes and distance still matter.","公園・都市型のためアクセスしやすい一方、現地の坂や距離は確認が必要です。","Published distance: moderate (2.2 km). | Park setting signal: likely clearer paths and more predictable facilities than remote nature routes. | Facility signal: public description mentions rest, visitor, station, roadside-station, or hot-spring facilities. | Slope signal: hills, viewpoints, old paths, or strong slopes appear in the source description. | Result: children = Use caution; older adults = Use caution.","公表距離: 中程度（2.2km）。 | 公園系の信号: 山道より道や施設を把握しやすい可能性があります。 | 施設の信号: 休憩・案内・道の駅・温泉などの施設が説明に出ています。 | 坂・起伏の信号: 展望地・古道・強い傾斜などが説明に出ています。 | 判定: 子ども = 注意して可、高齢者 = 注意して可。","false","http://kurortwalking.com/file/akita/akita01.pdf","石倉山公園の山側を活用するコース"
"akita_akita01_marsh","秋田県 三種町","森岳温泉石倉山コース 沼コース","40.1018","140.0637","2.1 km","2.1km","71","akita_akita01","known_length_from_source_text","Hilly","坂・傾斜多め","Use caution","注意して可","caution","Use caution","注意して可","caution","inferred_from_course_description","Park or urban setting makes this easier to access, though local slopes and distance still matter.","公園・都市型のためアクセスしやすい一方、現地の坂や距離は確認が必要です。","Published distance: moderate (2.1 km). | Park setting signal: likely clearer paths and more predictable facilities than remote nature routes. | Facility signal: public description mentions rest, visitor, station, roadside-station, or hot-spring facilities. | Slope signal: hills, viewpoints, old paths, or strong slopes appear in the source description. | Result: children = Use caution; older adults = Use caution.","公表距離: 中程度（2.1km）。 | 公園系の信号: 山道より道や施設を把握しやすい可能性があります。 | 施設の信号: 休憩・案内・道の駅・温泉などの施設が説明に出ています。 | 坂・起伏の信号: 展望地・古道・強い傾斜などが説明に出ています。 | 判定: 子ども = 注意して可、高齢者 = 注意して可。","false","http://kurortwalking.com/file/akita/akita01.pdf","石倉山公園の沼まわりを歩く短めのコース"
"akita_akita03","秋田県 三種町","琴丘クアの古道コース","40.045","140.083","3.1 km","3.1km","106","","known_length_from_source_text","Hilly","坂・傾斜多め","Use caution","注意して可","caution","Use caution","注意して可","caution","inferred_from_course_description","Includes slopes, viewpoints, or old paths, so pace and rests should be planned.","坂・展望地・古道などを含むため、ペースと休憩計画が必要です。","Published distance: moderate (3.1 km). | Slope signal: hills, viewpoints, old paths, or strong slopes appear in the source description. | Result: children = Use caution; older adults = Use caution.","公表距離: 中程度（3.1km）。 | 坂・起伏の信号: 展望地・古道・強い傾斜などが説明に出ています。 | 判定: 子ども = 注意して可、高齢者 = 注意して可。","false","http://kurortwalking.com/file/akita/akita03.pdf","梅の香りただよう地元ガイドに愛されるコース"
"akita_akita02_windmill","秋田県 三種町","釜谷浜サンセットコース 風車コース","40.102","140.006","3.1 km","3.1km","44","akita_akita02","known_length_from_source_text","Hilly","坂・傾斜多め","Use caution","注意して可","caution","Use caution","注意して可","caution","inferred_from_course_description","Park or urban setting makes this easier to access, though local slopes and distance still matter.","公園・都市型のためアクセスしやすい一方、現地の坂や距離は確認が必要です。","Published distance: moderate (3.1 km). | Park setting signal: likely clearer paths and more predictable facilities than remote nature routes. | Facility signal: public description mentions rest, visitor, station, roadside-station, or hot-spring facilities. | Slope signal: hills, viewpoints, old paths, or strong slopes appear in the source description. | Surface/nature signal: coastal, sandy, bridge, cave, stream, or forest-bathing terrain may need extra caution. | Result: children = Use caution; older adults = Use caution.","公表距離: 中程度（3.1km）。 | 公園系の信号: 山道より道や施設を把握しやすい可能性があります。 | 施設の信号: 休憩・案内・道の駅・温泉などの施設が説明に出ています。 | 坂・起伏の信号: 展望地・古道・強い傾斜などが説明に出ています。 | 路面・自然環境の信号: 海岸・砂浜・吊り橋・洞窟・渓流・森林などは注意が必要です。 | 判定: 子ども = 注意して可、高齢者 = 注意して可。","false","http://kurortwalking.com/file/akita/akita02.pdf","風車がズラリと並ぶ砂浜を歩く、海の気候を生かしたコース"
"akita_akita02_pine","秋田県 三種町","釜谷浜サンセットコース 松林コース","40.102","140.006","3.2 km","3.2km","60","akita_akita02","known_length_from_source_text","Hilly","坂・傾斜多め","Use caution","注意して可","caution","Use caution","注意して可","caution","inferred_from_course_description","Park or urban setting makes this easier to access, though local slopes and distance still matter.","公園・都市型のためアクセスしやすい一方、現地の坂や距離は確認が必要です。","Published distance: moderate (3.2 km). | Park setting signal: likely clearer paths and more predictable facilities than remote nature routes. | Facility signal: public description mentions rest, visitor, station, roadside-station, or hot-spring facilities. | Slope signal: hills, viewpoints, old paths, or strong slopes appear in the source description. | Surface/nature signal: coastal, sandy, bridge, cave, stream, or forest-bathing terrain may need extra caution. | Result: children = Use caution; older adults = Use caution.","公表距離: 中程度（3.2km）。 | 公園系の信号: 山道より道や施設を把握しやすい可能性があります。 | 施設の信号: 休憩・案内・道の駅・温泉などの施設が説明に出ています。 | 坂・起伏の信号: 展望地・古道・強い傾斜などが説明に出ています。 | 路面・自然環境の信号: 海岸・砂浜・吊り橋・洞窟・渓流・森林などは注意が必要です。 | 判定: 子ども = 注意して可、高齢者 = 注意して可。","false","http://kurortwalking.com/file/akita/akita02.pdf","風車がズラリと並ぶ砂浜を歩く、海の気候を生かしたコース"
"yamagata02_kaminoyama_nishiyama","山形県 上山市","西山コース","38.153","140.278","3.1 km","3.1km","","yamagata02_kaminoyama","known_length_from_source_text","Mountain/highland","山・高原","Use caution","注意して可","caution","Use caution","注意して可","caution","inferred_from_course_description","Highland or mountain setting; better for confident walkers and guided outings.","山・高原環境のため、歩き慣れた人やガイド同行向けです。","Published distance: moderate (3.1 km). | Facility signal: public description mentions rest, visitor, station, roadside-station, or hot-spring facilities. | Highland/mountain signal: weather, temperature, and fatigue risk can be higher. | Result: children = Use caution; older adults = Use caution.","公表距離: 中程度（3.1km）。 | 施設の信号: 休憩・案内・道の駅・温泉などの施設が説明に出ています。 | 山・高原の信号: 天候・気温・疲労リスクが高くなる可能性があります。 | 判定: 子ども = 注意して可、高齢者 = 注意して可。","false","http://kurortwalking.com/file/yamagata02/kaminoyama.pdf","日本では上山市のみ。ミュンヒェン大学認定コース"
"yamagata02_kaminoyama_kokuzo_kitazeki","山形県 上山市","虚空蔵山コース 北堰コース","38.153","140.278","3.7 km","3.7km","","yamagata02_kaminoyama","known_length_from_source_text","Mountain/highland","山・高原","Use caution","注意して可","caution","Use caution","注意して可","caution","inferred_from_course_description","Highland or mountain setting; better for confident walkers and guided outings.","山・高原環境のため、歩き慣れた人やガイド同行向けです。","Published distance: longer (3.7 km). | Facility signal: public description mentions rest, visitor, station, roadside-station, or hot-spring facilities. | Highland/mountain signal: weather, temperature, and fatigue risk can be higher. | Result: children = Use caution; older adults = Use caution.","公表距離: やや長め（3.7km）。 | 施設の信号: 休憩・案内・道の駅・温泉などの施設が説明に出ています。 | 山・高原の信号: 天候・気温・疲労リスクが高くなる可能性があります。 | 判定: 子ども = 注意して可、高齢者 = 注意して可。","false","http://kurortwalking.com/file/yamagata02/kaminoyama.pdf","日本では上山市のみ。ミュンヒェン大学認定コース"
"yamagata02_kaminoyama_kokuzo_summit","山形県 上山市","虚空蔵山コース 山頂コース","38.153","140.278","5.1 km","5.1km","","yamagata02_kaminoyama","known_length_from_source_text","Mountain/highland","山・高原","Use caution","注意して可","caution","Use caution","注意して可","caution","inferred_from_course_description","Highland or mountain setting; better for confident walkers and guided outings.","山・高原環境のため、歩き慣れた人やガイド同行向けです。","Published distance: long (5.1 km). | Facility signal: public description mentions rest, visitor, station, roadside-station, or hot-spring facilities. | Highland/mountain signal: weather, temperature, and fatigue risk can be higher. | Result: children = Use caution; older adults = Use caution.","公表距離: 長め（5.1km）。 | 施設の信号: 休憩・案内・道の駅・温泉などの施設が説明に出ています。 | 山・高原の信号: 天候・気温・疲労リスクが高くなる可能性があります。 | 判定: 子ども = 注意して可、高齢者 = 注意して可。","false","http://kurortwalking.com/file/yamagata02/kaminoyama.pdf","日本では上山市のみ。ミュンヒェン大学認定コース"
"yamagata02_kaminoyama_hayama","山形県 上山市","葉山コース","38.153","140.278","2.6 km","2.6km","","yamagata02_kaminoyama","known_length_from_source_text","Mountain/highland","山・高原","Use caution","注意して可","caution","Use caution","注意して可","caution","inferred_from_course_description","Highland or mountain setting; better for confident walkers and guided outings.","山・高原環境のため、歩き慣れた人やガイド同行向けです。","Published distance: moderate (2.6 km). | Facility signal: public description mentions rest, visitor, station, roadside-station, or hot-spring facilities. | Highland/mountain signal: weather, temperature, and fatigue risk can be higher. | Result: children = Use caution; older adults = Use caution.","公表距離: 中程度（2.6km）。 | 施設の信号: 休憩・案内・道の駅・温泉などの施設が説明に出ています。 | 山・高原の信号: 天候・気温・疲労リスクが高くなる可能性があります。 | 判定: 子ども = 注意して可、高齢者 = 注意して可。","false","http://kurortwalking.com/file/yamagata02/kaminoyama.pdf","日本では上山市のみ。ミュンヒェン大学認定コース"
"yamagata02_kaminoyama_sankichi_summit","山形県 上山市","三吉山コース 山頂コース","38.153","140.278","2.7 km","2.7km","","yamagata02_kaminoyama","known_length_from_source_text","Mountain/highland","山・高原","Use caution","注意して可","caution","Use caution","注意して可","caution","inferred_from_course_description","Highland or mountain setting; better for confident walkers and guided outings.","山・高原環境のため、歩き慣れた人やガイド同行向けです。","Published distance: moderate (2.7 km). | Facility signal: public description mentions rest, visitor, station, roadside-station, or hot-spring facilities. | Highland/mountain signal: weather, temperature, and fatigue risk can be higher. | Result: children = Use caution; older adults = Use caution.","公表距離: 中程度（2.7km）。 | 施設の信号: 休憩・案内・道の駅・温泉などの施設が説明に出ています。 | 山・高原の信号: 天候・気温・疲労リスクが高くなる可能性があります。 | 判定: 子ども = 注意して可、高齢者 = 注意して可。","false","http://kurortwalking.com/file/yamagata02/kaminoyama.pdf","日本では上山市のみ。ミュンヒェン大学認定コース"
"yamagata02_kaminoyama_sankichi_middle","山形県 上山市","三吉山コース 中腹コース","38.153","140.278","1.8 km","1.8km","","yamagata02_kaminoyama","known_length_from_source_text","Mountain/highland","山・高原","Use caution","注意して可","caution","Use caution","注意して可","caution","inferred_from_course_description","Highland or mountain setting; better for confident walkers and guided outings.","山・高原環境のため、歩き慣れた人やガイド同行向けです。","Published distance: moderate (1.8 km). | Facility signal: public description mentions rest, visitor, station, roadside-station, or hot-spring facilities. | Highland/mountain signal: weather, temperature, and fatigue risk can be higher. | Result: children = Use caution; older adults = Use caution.","公表距離: 中程度（1.8km）。 | 施設の信号: 休憩・案内・道の駅・温泉などの施設が説明に出ています。 | 山・高原の信号: 天候・気温・疲労リスクが高くなる可能性があります。 | 判定: 子ども = 注意して可、高齢者 = 注意して可。","false","http://kurortwalking.com/file/yamagata02/kaminoyama.pdf","日本では上山市のみ。ミュンヒェン大学認定コース"
"yamagata02_kaminoyama_zao_bodaira","山形県 上山市","蔵王高原坊平コース","38.153","140.278","3.6 km","3.6km","","yamagata02_kaminoyama","known_length_from_source_text","Mountain/highland","山・高原","Use caution","注意して可","caution","Use caution","注意して可","caution","inferred_from_course_description","Highland or mountain setting; better for confident walkers and guided outings.","山・高原環境のため、歩き慣れた人やガイド同行向けです。","Published distance: longer (3.6 km). | Facility signal: public description mentions rest, visitor, station, roadside-station, or hot-spring facilities. | Highland/mountain signal: weather, temperature, and fatigue risk can be higher. | Result: children = Use caution; older adults = Use caution.","公表距離: やや長め（3.6km）。 | 施設の信号: 休憩・案内・道の駅・温泉などの施設が説明に出ています。 | 山・高原の信号: 天候・気温・疲労リスクが高くなる可能性があります。 | 判定: 子ども = 注意して可、高齢者 = 注意して可。","false","http://kurortwalking.com/file/yamagata02/kaminoyama.pdf","日本では上山市のみ。ミュンヒェン大学認定コース"
"yamagata02_kaminoyama_zao_tairagura","山形県 上山市","蔵王高原坊平たいらぐらコース","38.153","140.278","2.62 km","2.62km","","yamagata02_kaminoyama","known_length_from_source_text","Mountain/highland","山・高原","Use caution","注意して可","caution","Use caution","注意して可","caution","inferred_from_course_description","Highland or mountain setting; better for confident walkers and guided outings.","山・高原環境のため、歩き慣れた人やガイド同行向けです。","Published distance: moderate (2.62 km). | Facility signal: public description mentions rest, visitor, station, roadside-station, or hot-spring facilities. | Highland/mountain signal: weather, temperature, and fatigue risk can be higher. | Result: children = Use caution; older adults = Use caution.","公表距離: 中程度（2.62km）。 | 施設の信号: 休憩・案内・道の駅・温泉などの施設が説明に出ています。 | 山・高原の信号: 天候・気温・疲労リスクが高くなる可能性があります。 | 判定: 子ども = 注意して可、高齢者 = 注意して可。","false","http://kurortwalking.com/file/yamagata02/kaminoyama.pdf","日本では上山市のみ。ミュンヒェン大学認定コース"
"yamagata02_kaminoyama_oshimizu_juhyo","山形県 上山市","お清水・樹氷原コース","38.153","140.278","3.2 km","3.2km","","yamagata02_kaminoyama","known_length_from_source_text","Mountain/highland","山・高原","Use caution","注意して可","caution","Use caution","注意して可","caution","inferred_from_course_description","Highland or mountain setting; better for confident walkers and guided outings.","山・高原環境のため、歩き慣れた人やガイド同行向けです。","Published distance: moderate (3.2 km). | Facility signal: public description mentions rest, visitor, station, roadside-station, or hot-spring facilities. | Highland/mountain signal: weather, temperature, and fatigue risk can be higher. | Result: children = Use caution; older adults = Use caution.","公表距離: 中程度（3.2km）。 | 施設の信号: 休憩・案内・道の駅・温泉などの施設が説明に出ています。 | 山・高原の信号: 天候・気温・疲労リスクが高くなる可能性があります。 | 判定: 子ども = 注意して可、高齢者 = 注意して可。","false","http://kurortwalking.com/file/yamagata02/kaminoyama.pdf","日本では上山市のみ。ミュンヒェン大学認定コース"
"yamagata01_yamagata01_course1","山形県 天童市","舞鶴山コース コース1","38.361","140.374","2.5 km","2.5km","","yamagata01_yamagata01","known_length_from_source_text","Mountain/highland","山・高原","Use caution","注意して可","caution","Use caution","注意して可","caution","inferred_from_course_description","Highland or mountain setting; better for confident walkers and guided outings.","山・高原環境のため、歩き慣れた人やガイド同行向けです。","Published distance: moderate (2.5 km). | Highland/mountain signal: weather, temperature, and fatigue risk can be higher. | Result: children = Use caution; older adults = Use caution.","公表距離: 中程度（2.5km）。 | 山・高原の信号: 天候・気温・疲労リスクが高くなる可能性があります。 | 判定: 子ども = 注意して可、高齢者 = 注意して可。","false","http://kurortwalking.com/file/yamagata01/yamagata01.pdf","人間将棋、天童織田藩の史跡を巡るコース"
"yamagata01_yamagata01_course2","山形県 天童市","舞鶴山コース コース2","38.361","140.374","0.8 km","0.8km","","yamagata01_yamagata01","known_length_from_source_text","Mountain/highland","山・高原","Use caution","注意して可","caution","Use caution","注意して可","caution","inferred_from_course_description","Highland or mountain setting; better for confident walkers and guided outings.","山・高原環境のため、歩き慣れた人やガイド同行向けです。","Published distance: short (0.8 km). | Highland/mountain signal: weather, temperature, and fatigue risk can be higher. | Result: children = Use caution; older adults = Use caution.","公表距離: 短め（0.8km）。 | 山・高原の信号: 天候・気温・疲労リスクが高くなる可能性があります。 | 判定: 子ども = 注意して可、高齢者 = 注意して可。","false","http://kurortwalking.com/file/yamagata01/yamagata01.pdf","人間将棋、天童織田藩の史跡を巡るコース"
"yamagata01_yamagata01_course3","山形県 天童市","舞鶴山コース コース3","38.361","140.374","1.4 km","1.4km","","yamagata01_yamagata01","known_length_from_source_text","Mountain/highland","山・高原","Use caution","注意して可","caution","Use caution","注意して可","caution","inferred_from_course_description","Highland or mountain setting; better for confident walkers and guided outings.","山・高原環境のため、歩き慣れた人やガイド同行向けです。","Published distance: short (1.4 km). | Highland/mountain signal: weather, temperature, and fatigue risk can be higher. | Result: children = Use caution; older adults = Use caution.","公表距離: 短め（1.4km）。 | 山・高原の信号: 天候・気温・疲労リスクが高くなる可能性があります。 | 判定: 子ども = 注意して可、高齢者 = 注意して可。","false","http://kurortwalking.com/file/yamagata01/yamagata01.pdf","人間将棋、天童織田藩の史跡を巡るコース"
"yamagata01_yamagata02","山形県 天童市","祈りの若松コース","38.31","140.385","1.9 km","1.9km","","","known_length_from_source_text","Mountain/highland","山・高原","Use caution","注意して可","caution","Use caution","注意して可","caution","inferred_from_course_description","Highland or mountain setting; better for confident walkers and guided outings.","山・高原環境のため、歩き慣れた人やガイド同行向けです。","Published distance: moderate (1.9 km). | Highland/mountain signal: weather, temperature, and fatigue risk can be higher. | Result: children = Use caution; older adults = Use caution.","公表距離: 中程度（1.9km）。 | 山・高原の信号: 天候・気温・疲労リスクが高くなる可能性があります。 | 判定: 子ども = 注意して可、高齢者 = 注意して可。","false","http://kurortwalking.com/file/yamagata01/yamagata02.pdf","縁結び観音様の地を堪能するコース"
"yamagata01_yamagata03","山形県 天童市","天童高原コース","38.426","140.437","3.5 km","3.5km","199","","known_length_from_source_text","Mountain/highland","山・高原","Use caution","注意して可","caution","Use caution","注意して可","caution","inferred_from_course_description","Highland or mountain setting; better for confident walkers and guided outings.","山・高原環境のため、歩き慣れた人やガイド同行向けです。","Published distance: moderate (3.5 km). | Highland/mountain signal: weather, temperature, and fatigue risk can be higher. | Result: children = Use caution; older adults = Use caution.","公表距離: 中程度（3.5km）。 | 山・高原の信号: 天候・気温・疲労リスクが高くなる可能性があります。 | 判定: 子ども = 注意して可、高齢者 = 注意して可。","false","http://kurortwalking.com/file/yamagata01/yamagata03.pdf","山形県内主要の山々を一望できるコース"
"yamagata03_yamagata01","山形県 西川町","一本ブナコース","38.548","140.019","3.3 km","3.3km","","","known_length_from_source_text","Rolling","起伏あり","Usually OK","概ね可","ok","Usually OK","概ね可","ok","inferred_from_course_description","Suitability is inferred from public route descriptions; confirm exact distance, surface, and weather before walking.","公開説明からの推定です。歩く前に正確な距離・路面・天候を確認してください。","Published distance: moderate (3.3 km). | Facility signal: public description mentions rest, visitor, station, roadside-station, or hot-spring facilities. | Result: children = Usually OK; older adults = Usually OK.","公表距離: 中程度（3.3km）。 | 施設の信号: 休憩・案内・道の駅・温泉などの施設が説明に出ています。 | 判定: 子ども = 概ね可、高齢者 = 概ね可。","false","http://kurortwalking.com/file/yamagata03/yamagata01.pdf","出羽三山参詣で賑わった宿場町・志津を歩く"
"saitama01_saitama01","埼玉県 所沢市","荒幡富士特別緑地保全地区コース","35.773","139.441","1.5 km","1.5km","77","","known_length_from_source_text","Rolling","起伏あり","Good fit","向いている","good","Usually OK","概ね可","ok","inferred_from_course_description","Park or urban setting makes this easier to access, though local slopes and distance still matter.","公園・都市型のためアクセスしやすい一方、現地の坂や距離は確認が必要です。","Published distance: short (1.5 km). | Park setting signal: likely clearer paths and more predictable facilities than remote nature routes. | Result: children = Good fit; older adults = Usually OK.","公表距離: 短め（1.5km）。 | 公園系の信号: 山道より道や施設を把握しやすい可能性があります。 | 判定: 子ども = 向いている、高齢者 = 概ね可。","false","http://kurortwalking.com/file/saitama01/saitama01.pdf","都会で緑に包まれる 心身ともに癒される“緑の島”を歩こう"
"saitama01_saitama02","埼玉県 所沢市","上山口堀口天満天神社 周辺里山保全地域コース","35.768","139.42","1.39 km","1.39km","71","","known_length_from_source_text","Rolling","起伏あり","Usually OK","概ね可","ok","Usually OK","概ね可","ok","inferred_from_course_description","Suitability is inferred from public route descriptions; confirm exact distance, surface, and weather before walking.","公開説明からの推定です。歩く前に正確な距離・路面・天候を確認してください。","Published distance: short (1.39 km). | Result: children = Usually OK; older adults = Usually OK.","公表距離: 短め（1.39km）。 | 判定: 子ども = 概ね可、高齢者 = 概ね可。","false","http://kurortwalking.com/file/saitama01/saitama02.pdf","四季折々の草花、虫や野鳥など 森の住人に出会える貴重な場所"
"saitama02_saitama01","埼玉県 横瀬町","花咲山公園コース","35.984","139.11","2.62 km","2.62km","60","","known_length_from_source_text","Hilly","坂・傾斜多め","Use caution","注意して可","caution","Use caution","注意して可","caution","inferred_from_course_description","Park or urban setting makes this easier to access, though local slopes and distance still matter.","公園・都市型のためアクセスしやすい一方、現地の坂や距離は確認が必要です。","Published distance: moderate (2.62 km). | Park setting signal: likely clearer paths and more predictable facilities than remote nature routes. | Slope signal: hills, viewpoints, old paths, or strong slopes appear in the source description. | Result: children = Use caution; older adults = Use caution.","公表距離: 中程度（2.62km）。 | 公園系の信号: 山道より道や施設を把握しやすい可能性があります。 | 坂・起伏の信号: 展望地・古道・強い傾斜などが説明に出ています。 | 判定: 子ども = 注意して可、高齢者 = 注意して可。","false","http://kurortwalking.com/file/saitama02/saitama01.pdf","～巡礼の道は、健康への道～ 武甲山・秩父山系を一望できるコース"
"saitama02_saitama02","埼玉県 横瀬町","根古屋城址コース","35.979","139.107","2.3 km","2.3km","87","","known_length_from_source_text","Hilly","坂・傾斜多め","Use caution","注意して可","caution","Use caution","注意して可","caution","inferred_from_course_description","Includes slopes, viewpoints, or old paths, so pace and rests should be planned.","坂・展望地・古道などを含むため、ペースと休憩計画が必要です。","Published distance: moderate (2.3 km). | Slope signal: hills, viewpoints, old paths, or strong slopes appear in the source description. | Result: children = Use caution; older adults = Use caution.","公表距離: 中程度（2.3km）。 | 坂・起伏の信号: 展望地・古道・強い傾斜などが説明に出ています。 | 判定: 子ども = 注意して可、高齢者 = 注意して可。","false","http://kurortwalking.com/file/saitama02/saitama02.pdf","～巡礼の道は、健康への道～ 歴史・文化・天然記念物を巡るコース"
"gunma_ueno_gunma01_michinoeki","群馬県 上野村","勝山 かつやま 道の駅 そよかぜの森コース","36.085","138.779","2.26 km","2.26km","136","","known_length_from_source_text","Rolling","起伏あり","Good fit","向いている","good","Usually OK","概ね可","ok","inferred_from_course_description","Gentler route character; still check the official PDF for exact distance and footing.","比較的ゆるやかな性格のコースです。正確な距離や足元は公式PDFで確認してください。","Published distance: moderate (2.26 km). | Urban/access signal: likely easier to reach and easier to exit early. | Facility signal: public description mentions rest, visitor, station, roadside-station, or hot-spring facilities. | Result: children = Good fit; older adults = Usually OK.","公表距離: 中程度（2.26km）。 | 都市・アクセス面の信号: 行きやすく、途中離脱もしやすい可能性があります。 | 施設の信号: 休憩・案内・道の駅・温泉などの施設が説明に出ています。 | 判定: 子ども = 向いている、高齢者 = 概ね可。","false","http://kurortwalking.com/file/gunma-ueno/gunma01_michinoeki.pdf","道の駅を起点に、風そよぐコースを歩く"
"gunma_ueno_gunma01_kawanoeki","群馬県 上野村","砥根平 とねだいら 川の駅 きらめきの清流コース","36.087","138.76","2.43 km","2.43km","100","","known_length_from_source_text","Rolling","起伏あり","Good fit","向いている","good","Usually OK","概ね可","ok","inferred_from_course_description","Gentler route character; still check the official PDF for exact distance and footing.","比較的ゆるやかな性格のコースです。正確な距離や足元は公式PDFで確認してください。","Published distance: moderate (2.43 km). | Urban/access signal: likely easier to reach and easier to exit early. | Facility signal: public description mentions rest, visitor, station, roadside-station, or hot-spring facilities. | Surface/nature signal: coastal, sandy, bridge, cave, stream, or forest-bathing terrain may need extra caution. | Result: children = Good fit; older adults = Usually OK.","公表距離: 中程度（2.43km）。 | 都市・アクセス面の信号: 行きやすく、途中離脱もしやすい可能性があります。 | 施設の信号: 休憩・案内・道の駅・温泉などの施設が説明に出ています。 | 路面・自然環境の信号: 海岸・砂浜・吊り橋・洞窟・渓流・森林などは注意が必要です。 | 判定: 子ども = 向いている、高齢者 = 概ね可。","false","http://kurortwalking.com/file/gunma-ueno/gunma01_kawanoeki.pdf","清流・神流川沿いと緑深い里山を歩く"
"niigata_myoko_niigata_myoko_forestwalk","新潟県 妙高市","フォレストウォークコース","36.872","138.178","2.6 km","2.6km","62","","known_length_from_source_text","Rolling","起伏あり","Usually OK","概ね可","ok","Usually OK","概ね可","ok","inferred_from_course_description","Suitability is inferred from public route descriptions; confirm exact distance, surface, and weather before walking.","公開説明からの推定です。歩く前に正確な距離・路面・天候を確認してください。","Published distance: moderate (2.6 km). | Facility signal: public description mentions rest, visitor, station, roadside-station, or hot-spring facilities. | Surface/nature signal: coastal, sandy, bridge, cave, stream, or forest-bathing terrain may need extra caution. | Result: children = Usually OK; older adults = Usually OK.","公表距離: 中程度（2.6km）。 | 施設の信号: 休憩・案内・道の駅・温泉などの施設が説明に出ています。 | 路面・自然環境の信号: 海岸・砂浜・吊り橋・洞窟・渓流・森林などは注意が必要です。 | 判定: 子ども = 概ね可、高齢者 = 概ね可。","false","http://kurortwalking.com/file/niigata-myoko/niigata_myoko_forestwalk.pdf","風光明媚なリゾート施設の森を活用"
"niigata_myoko_niigata_myoko_sasagamine","新潟県 妙高市","笹ヶ峰コース","36.866","138.079","4.24 km","4.24km","111","","known_length_from_source_text","Hilly","坂・傾斜多め","Use caution","注意して可","caution","Use caution","注意して可","caution","source_or_manual_review","The course is in a 1,300 m highland area inside a national park.","国立公園内、標高1300mの高原コースです。","Official guide text describes a 1,300 m highland course inside a national park. | Published distance: longer (4.24 km). | Park setting signal: likely clearer paths and more predictable facilities than remote nature routes. | Highland/mountain signal: weather, temperature, and fatigue risk can be higher. | Result: children = Use caution; older adults = Use caution.","公式ガイド文に、国立公園内の標高1300mの高原コースとあります。 | 公表距離: やや長め（4.24km）。 | 公園系の信号: 山道より道や施設を把握しやすい可能性があります。 | 山・高原の信号: 天候・気温・疲労リスクが高くなる可能性があります。 | 判定: 子ども = 注意して可、高齢者 = 注意して可。","false","http://kurortwalking.com/file/niigata-myoko/niigata_myoko_sasagamine.pdf","妙高戸隠連山国立公園内に設計された標高1300mの高原を歩くコース"
"nagano_toumi_nagano_tomi_yunomarukogen","長野県 東御市","湯の丸高原コース","36.425","138.421","2.67 km","2.67km","106","","known_length_from_source_text","Hilly","坂・傾斜多め","Use caution","注意して可","caution","Use caution","注意して可","caution","source_or_manual_review","The route is in a highland area around 1,750 m with mountain scenery.","標高1750m前後の高原エリアで、山岳的な環境です。","Official guide text references a highland training area around 1,750 m. | Published distance: moderate (2.67 km). | Highland/mountain signal: weather, temperature, and fatigue risk can be higher. | Result: children = Use caution; older adults = Use caution.","公式ガイド文に、標高1750mの高地トレーニング施設がある高原エリアとあります。 | 公表距離: 中程度（2.67km）。 | 山・高原の信号: 天候・気温・疲労リスクが高くなる可能性があります。 | 判定: 子ども = 注意して可、高齢者 = 注意して可。","false","http://kurortwalking.com/file/nagano-toumi/nagano_tomi_yunomarukogen.pdf","標高2000m級の花回廊を歩く"
"nagano_toumi_nagano_tomi_geijutsumura","長野県 東御市","芸術むら公園コース","36.348","138.349","1.82 km","1.82km","50","","known_length_from_source_text","Mountain/highland","山・高原","Use caution","注意して可","caution","Use caution","注意して可","caution","inferred_from_course_description","Park or urban setting makes this easier to access, though local slopes and distance still matter.","公園・都市型のためアクセスしやすい一方、現地の坂や距離は確認が必要です。","Published distance: moderate (1.82 km). | Park setting signal: likely clearer paths and more predictable facilities than remote nature routes. | Highland/mountain signal: weather, temperature, and fatigue risk can be higher. | Result: children = Use caution; older adults = Use caution.","公表距離: 中程度（1.82km）。 | 公園系の信号: 山道より道や施設を把握しやすい可能性があります。 | 山・高原の信号: 天候・気温・疲労リスクが高くなる可能性があります。 | 判定: 子ども = 注意して可、高齢者 = 注意して可。","false","http://kurortwalking.com/file/nagano-toumi/nagano_tomi_geijutsumura.pdf","アートヴィレッジで感性と体を磨く"
"ishikawa_ishikawa01_satoyama","石川県 珠洲市","鉢ケ崎コース 里山コース","37.442","137.263","2.5 km","2.5km","24","ishikawa_ishikawa01","known_length_from_source_text","Hilly","坂・傾斜多め","Use caution","注意して可","caution","Use caution","注意して可","caution","inferred_from_course_description","Includes slopes, viewpoints, or old paths, so pace and rests should be planned.","坂・展望地・古道などを含むため、ペースと休憩計画が必要です。","Published distance: moderate (2.5 km). | Slope signal: hills, viewpoints, old paths, or strong slopes appear in the source description. | Surface/nature signal: coastal, sandy, bridge, cave, stream, or forest-bathing terrain may need extra caution. | Result: children = Use caution; older adults = Use caution.","公表距離: 中程度（2.5km）。 | 坂・起伏の信号: 展望地・古道・強い傾斜などが説明に出ています。 | 路面・自然環境の信号: 海岸・砂浜・吊り橋・洞窟・渓流・森林などは注意が必要です。 | 判定: 子ども = 注意して可、高齢者 = 注意して可。","false","http://kurortwalking.com/file/ishikawa/ishikawa01.pdf","新日本歩く道紀行100選シリーズ 水辺の道「クアの道 鉢ヶ崎」認定"
"ishikawa_ishikawa01_satoumi","石川県 珠洲市","鉢ケ崎コース 里海コース","37.442","137.263","1.8 km","1.8km","13","ishikawa_ishikawa01","known_length_from_source_text","Hilly","坂・傾斜多め","Use caution","注意して可","caution","Use caution","注意して可","caution","inferred_from_course_description","Includes slopes, viewpoints, or old paths, so pace and rests should be planned.","坂・展望地・古道などを含むため、ペースと休憩計画が必要です。","Published distance: moderate (1.8 km). | Slope signal: hills, viewpoints, old paths, or strong slopes appear in the source description. | Surface/nature signal: coastal, sandy, bridge, cave, stream, or forest-bathing terrain may need extra caution. | Result: children = Use caution; older adults = Use caution.","公表距離: 中程度（1.8km）。 | 坂・起伏の信号: 展望地・古道・強い傾斜などが説明に出ています。 | 路面・自然環境の信号: 海岸・砂浜・吊り橋・洞窟・渓流・森林などは注意が必要です。 | 判定: 子ども = 注意して可、高齢者 = 注意して可。","false","http://kurortwalking.com/file/ishikawa/ishikawa01.pdf","新日本歩く道紀行100選シリーズ 水辺の道「クアの道 鉢ヶ崎」認定"
"ishikawa_ishikawa02","石川県 珠洲市","クアの道 木ノ浦コース","37.526","137.302","2.5 km","2.5km","138","","known_length_from_source_text","Hilly","坂・傾斜多め","Usually OK","概ね可","ok","Use caution","注意して可","caution","inferred_from_course_description","Includes slopes, viewpoints, or old paths, so pace and rests should be planned.","坂・展望地・古道などを含むため、ペースと休憩計画が必要です。","Published distance: moderate (2.5 km). | Slope signal: hills, viewpoints, old paths, or strong slopes appear in the source description. | Result: children = Usually OK; older adults = Use caution.","公表距離: 中程度（2.5km）。 | 坂・起伏の信号: 展望地・古道・強い傾斜などが説明に出ています。 | 判定: 子ども = 概ね可、高齢者 = 注意して可。","false","http://kurortwalking.com/file/ishikawa/ishikawa02.pdf","美しい日本の歩きたくなる道500選 新日本歩く道紀行100選シリーズ 絶景の道「能登半島珠洲岬自然歩道」認定"
"gifu01_gifu01","岐阜県 岐阜市","百々ヶ峰 どどがみね ・ながら川ふれあいの森コース","35.465","136.797","3.15 km","3.15km","134","","known_length_from_source_text","Hilly","坂・傾斜多め","Use caution","注意して可","caution","Use caution","注意して可","caution","inferred_from_course_description","Includes slopes, viewpoints, or old paths, so pace and rests should be planned.","坂・展望地・古道などを含むため、ペースと休憩計画が必要です。","Published distance: moderate (3.15 km). | Slope signal: hills, viewpoints, old paths, or strong slopes appear in the source description. | Result: children = Use caution; older adults = Use caution.","公表距離: 中程度（3.15km）。 | 坂・起伏の信号: 展望地・古道・強い傾斜などが説明に出ています。 | 判定: 子ども = 注意して可、高齢者 = 注意して可。","false","http://kurortwalking.com/file/gifu01/gifu01.pdf","季節の移り変わりを五感で楽しむ自然豊かなコース"
"gifu01_gifu02","岐阜県 岐阜市","金華山・長良川・岐阜公園コース","35.434","136.782","2.32 km","2.32km","68","","known_length_from_source_text","Mountain/highland","山・高原","Use caution","注意して可","caution","Use caution","注意して可","caution","inferred_from_course_description","Park or urban setting makes this easier to access, though local slopes and distance still matter.","公園・都市型のためアクセスしやすい一方、現地の坂や距離は確認が必要です。","Published distance: moderate (2.32 km). | Urban/access signal: likely easier to reach and easier to exit early. | Park setting signal: likely clearer paths and more predictable facilities than remote nature routes. | Highland/mountain signal: weather, temperature, and fatigue risk can be higher. | Slope signal: hills, viewpoints, old paths, or strong slopes appear in the source description. | Result: children = Use caution; older adults = Use caution.","公表距離: 中程度（2.32km）。 | 都市・アクセス面の信号: 行きやすく、途中離脱もしやすい可能性があります。 | 公園系の信号: 山道より道や施設を把握しやすい可能性があります。 | 山・高原の信号: 天候・気温・疲労リスクが高くなる可能性があります。 | 坂・起伏の信号: 展望地・古道・強い傾斜などが説明に出ています。 | 判定: 子ども = 注意して可、高齢者 = 注意して可。","false","http://kurortwalking.com/file/gifu01/gifu02.pdf","市民から愛される岐阜のシンボルを歩くコース"
"gifu_gifucity_gifu01_city_shimizugawa","岐阜県 岐阜市 都市型コース（クアの道®・シティ）","金 こがね 公園・岐阜駅・清水川コース","35.4047922","136.7594197","4.32 km","4.32km","27","","known_length_from_source_text","Rolling","起伏あり","Good fit","向いている","good","Usually OK","概ね可","ok","inferred_from_course_description","Park or urban setting makes this easier to access, though local slopes and distance still matter.","公園・都市型のためアクセスしやすい一方、現地の坂や距離は確認が必要です。","Published distance: longer (4.32 km). | Urban/access signal: likely easier to reach and easier to exit early. | Park setting signal: likely clearer paths and more predictable facilities than remote nature routes. | Result: children = Good fit; older adults = Usually OK.","公表距離: やや長め（4.32km）。 | 都市・アクセス面の信号: 行きやすく、途中離脱もしやすい可能性があります。 | 公園系の信号: 山道より道や施設を把握しやすい可能性があります。 | 判定: 子ども = 向いている、高齢者 = 概ね可。","true","http://kurortwalking.com/file/gifu-gifucity/gifu01_city_shimizugawa.pdf","柳ケ瀬グラッスル35と金公園から桜の名所・清水川へ向かう"
"gifu_gifucity_gifu01_city_bairin","岐阜県 岐阜市 都市型コース（クアの道®・シティ）","柳ケ瀬 やながせ ・ 粕森 かしもり 公園・ 梅林 ばいりん 公園コース","35.4203819","136.757173","4.02 km","4.02km","36","","known_length_from_source_text","Rolling","起伏あり","Good fit","向いている","good","Usually OK","概ね可","ok","inferred_from_course_description","Park or urban setting makes this easier to access, though local slopes and distance still matter.","公園・都市型のためアクセスしやすい一方、現地の坂や距離は確認が必要です。","Published distance: longer (4.02 km). | Urban/access signal: likely easier to reach and easier to exit early. | Park setting signal: likely clearer paths and more predictable facilities than remote nature routes. | Result: children = Good fit; older adults = Usually OK.","公表距離: やや長め（4.02km）。 | 都市・アクセス面の信号: 行きやすく、途中離脱もしやすい可能性があります。 | 公園系の信号: 山道より道や施設を把握しやすい可能性があります。 | 判定: 子ども = 向いている、高齢者 = 概ね可。","true","http://kurortwalking.com/file/gifu-gifucity/gifu01_city_bairin.pdf","柳ケ瀬グラッスル35を拠点に都市に佇む公園を歩く"
"gifu04_seki01","岐阜県 関市","安桜山まちめぐりコース","35.49","136.914","3.15 km","3.15km","74","","known_length_from_source_text","Hilly","坂・傾斜多め","Use caution","注意して可","caution","Use caution","注意して可","caution","inferred_from_course_description","Includes slopes, viewpoints, or old paths, so pace and rests should be planned.","坂・展望地・古道などを含むため、ペースと休憩計画が必要です。","Published distance: moderate (3.15 km). | Slope signal: hills, viewpoints, old paths, or strong slopes appear in the source description. | Result: children = Use caution; older adults = Use caution.","公表距離: 中程度（3.15km）。 | 坂・起伏の信号: 展望地・古道・強い傾斜などが説明に出ています。 | 判定: 子ども = 注意して可、高齢者 = 注意して可。","false","http://kurortwalking.com/file/gifu04/seki01.pdf","市民に親しまれる安桜山と 関の歴史・文化を感じる道を歩く"
"gifu04_seki01_viewpoint","岐阜県 関市","安桜山 展望台オプションコース","35.49","136.914","0.61 km","0.61km","41","gifu04_seki01","known_length_from_source_text","Hilly","坂・傾斜多め","Use caution","注意して可","caution","Use caution","注意して可","caution","inferred_from_course_description","Includes slopes, viewpoints, or old paths, so pace and rests should be planned.","坂・展望地・古道などを含むため、ペースと休憩計画が必要です。","Published distance: short (0.61 km). | Slope signal: hills, viewpoints, old paths, or strong slopes appear in the source description. | Result: children = Use caution; older adults = Use caution.","公表距離: 短め（0.61km）。 | 坂・起伏の信号: 展望地・古道・強い傾斜などが説明に出ています。 | 判定: 子ども = 注意して可、高齢者 = 注意して可。","false","http://kurortwalking.com/file/gifu04/seki01.pdf","市民に親しまれる安桜山と 関の歴史・文化を感じる道を歩く"
"gifu04_seki02","岐阜県 関市","板取株杉の森コース","35.716","136.792","1.19 km","1.19km","58","","known_length_from_source_text","Rolling","起伏あり","Good fit","向いている","good","Usually OK","概ね可","ok","inferred_from_course_description","Park or urban setting makes this easier to access, though local slopes and distance still matter.","公園・都市型のためアクセスしやすい一方、現地の坂や距離は確認が必要です。","Published distance: short (1.19 km). | Park setting signal: likely clearer paths and more predictable facilities than remote nature routes. | Facility signal: public description mentions rest, visitor, station, roadside-station, or hot-spring facilities. | Result: children = Good fit; older adults = Usually OK.","公表距離: 短め（1.19km）。 | 公園系の信号: 山道より道や施設を把握しやすい可能性があります。 | 施設の信号: 休憩・案内・道の駅・温泉などの施設が説明に出ています。 | 判定: 子ども = 向いている、高齢者 = 概ね可。","false","http://kurortwalking.com/file/gifu04/seki02.pdf","群生する株杉は、日本でここだけ 静寂な森で感じる自然の神秘"
"gifu_minokamo_gifu_minokamo01_map","岐阜県 美濃加茂市","逍遙 しょうよう こみちコース","35.444","137.014","2.81 km","2.81km","47","","known_length_from_source_text","Rolling","起伏あり","Usually OK","概ね可","ok","Usually OK","概ね可","ok","inferred_from_course_description","Suitability is inferred from public route descriptions; confirm exact distance, surface, and weather before walking.","公開説明からの推定です。歩く前に正確な距離・路面・天候を確認してください。","Published distance: moderate (2.81 km). | Result: children = Usually OK; older adults = Usually OK.","公表距離: 中程度（2.81km）。 | 判定: 子ども = 概ね可、高齢者 = 概ね可。","false","http://kurortwalking.com/file/gifu-minokamo/gifu-minokamo01_map.pdf","医療と文化に触れることができるコース"
"gifu_minokamo_gifu_minokamo02_map","岐阜県 美濃加茂市","下米田 しもよねだ さくらの森コース","35.467","137.06","3.1 km","3.1km","169","","known_length_from_source_text","Hilly","坂・傾斜多め","Use caution","注意して可","caution","Use caution","注意して可","caution","inferred_from_course_description","Includes slopes, viewpoints, or old paths, so pace and rests should be planned.","坂・展望地・古道などを含むため、ペースと休憩計画が必要です。","Published distance: moderate (3.1 km). | Slope signal: hills, viewpoints, old paths, or strong slopes appear in the source description. | Result: children = Use caution; older adults = Use caution.","公表距離: 中程度（3.1km）。 | 坂・起伏の信号: 展望地・古道・強い傾斜などが説明に出ています。 | 判定: 子ども = 注意して可、高齢者 = 注意して可。","false","http://kurortwalking.com/file/gifu-minokamo/gifu-minokamo02_map.pdf","景観、眺望ともに優れた里山を歩く"
"gifu03_gifu01","岐阜県 飛騨市","飛騨古川 朝霧の森コース","36.237","137.19","1.77 km","1.77km","76","","known_length_from_source_text","Mountain/highland","山・高原","Usually OK","概ね可","ok","Use caution","注意して可","caution","inferred_from_course_description","Highland or mountain setting; better for confident walkers and guided outings.","山・高原環境のため、歩き慣れた人やガイド同行向けです。","Published distance: moderate (1.77 km). | Highland/mountain signal: weather, temperature, and fatigue risk can be higher. | Result: children = Usually OK; older adults = Use caution.","公表距離: 中程度（1.77km）。 | 山・高原の信号: 天候・気温・疲労リスクが高くなる可能性があります。 | 判定: 子ども = 概ね可、高齢者 = 注意して可。","false","http://kurortwalking.com/file/gifu03/gifu01.pdf","四季折々の装いを五感で感じながら、木漏れ日の森を歩く"
"gifu03_gifu02","岐阜県 飛騨市","飛騨古川 森林公園コース","36.236","137.191","1.26 km","1.26km","61","","known_length_from_source_text","Rolling","起伏あり","Good fit","向いている","good","Usually OK","概ね可","ok","inferred_from_course_description","Park or urban setting makes this easier to access, though local slopes and distance still matter.","公園・都市型のためアクセスしやすい一方、現地の坂や距離は確認が必要です。","Published distance: short (1.26 km). | Park setting signal: likely clearer paths and more predictable facilities than remote nature routes. | Result: children = Good fit; older adults = Usually OK.","公表距離: 短め（1.26km）。 | 公園系の信号: 山道より道や施設を把握しやすい可能性があります。 | 判定: 子ども = 向いている、高齢者 = 概ね可。","false","http://kurortwalking.com/file/gifu03/gifu02.pdf","市民が親しむ運動公園を拠点に、針葉樹や広葉樹の森を歩く"
"gifu03_hida_alps","岐阜県 飛騨市","アルプス展望神秘の森コース","36.295","137.24","3.94 km","3.94km","175","","known_length_from_source_text","Hilly","坂・傾斜多め","Use caution","注意して可","caution","Use caution","注意して可","caution","source_or_manual_review","The course is described as suitable for people who want a solid workout in a highland forest.","高地の森を歩く、しっかり運動したい人向けのコースと説明されています。","Official guide text describes this as a course for people who want a solid workout. | Published distance: longer (3.94 km). | Facility signal: public description mentions rest, visitor, station, roadside-station, or hot-spring facilities. | Highland/mountain signal: weather, temperature, and fatigue risk can be higher. | Result: children = Use caution; older adults = Use caution.","公式ガイド文に、しっかり運動したい人向けのコースとあります。 | 公表距離: やや長め（3.94km）。 | 施設の信号: 休憩・案内・道の駅・温泉などの施設が説明に出ています。 | 山・高原の信号: 天候・気温・疲労リスクが高くなる可能性があります。 | 判定: 子ども = 注意して可、高齢者 = 注意して可。","false","http://kurortwalking.com/file/gifu03/hida_alps.pdf","奥飛騨の自然豊かな高地を歩く しっかり運動したい人向けのコース"
"gifu_gero_gifu_gero_gassho","岐阜県 下呂市","下呂温泉合掌村コース","35.811","137.244","2.58 km","2.58km","105","","known_length_from_source_text","Rolling","起伏あり","Good fit","向いている","good","Usually OK","概ね可","ok","inferred_from_course_description","Park or urban setting makes this easier to access, though local slopes and distance still matter.","公園・都市型のためアクセスしやすい一方、現地の坂や距離は確認が必要です。","Published distance: moderate (2.58 km). | Park setting signal: likely clearer paths and more predictable facilities than remote nature routes. | Facility signal: public description mentions rest, visitor, station, roadside-station, or hot-spring facilities. | Result: children = Good fit; older adults = Usually OK.","公表距離: 中程度（2.58km）。 | 公園系の信号: 山道より道や施設を把握しやすい可能性があります。 | 施設の信号: 休憩・案内・道の駅・温泉などの施設が説明に出ています。 | 判定: 子ども = 向いている、高齢者 = 概ね可。","false","http://kurortwalking.com/file/gifu-gero/gifu_gero_gassho.pdf","健康の三要素が揃う温泉地のコース"
"gifu_gero_gifu_gero_shimi","岐阜県 下呂市","四美 しみ の森コース","35.753","137.272","2.54 km","2.54km","128","","known_length_from_source_text","Rolling","起伏あり","Good fit","向いている","good","Usually OK","概ね可","ok","inferred_from_course_description","Park or urban setting makes this easier to access, though local slopes and distance still matter.","公園・都市型のためアクセスしやすい一方、現地の坂や距離は確認が必要です。","Published distance: moderate (2.54 km). | Park setting signal: likely clearer paths and more predictable facilities than remote nature routes. | Facility signal: public description mentions rest, visitor, station, roadside-station, or hot-spring facilities. | Result: children = Good fit; older adults = Usually OK.","公表距離: 中程度（2.54km）。 | 公園系の信号: 山道より道や施設を把握しやすい可能性があります。 | 施設の信号: 休憩・案内・道の駅・温泉などの施設が説明に出ています。 | 判定: 子ども = 向いている、高齢者 = 概ね可。","false","http://kurortwalking.com/file/gifu-gero/gifu_gero_shimi.pdf","南飛騨の豊かな自然で健康づくりを"
"gifu02_gifu01_morinosanpomichi","岐阜県 白川村","トヨタ白川郷自然學校コース 森の散歩道コース","36.2598","136.891","1.12 km","1.12km","59","gifu02_gifu01","known_length_from_source_text","Mountain/highland","山・高原","Use caution","注意して可","caution","Use caution","注意して可","caution","inferred_from_course_description","Highland or mountain setting; better for confident walkers and guided outings.","山・高原環境のため、歩き慣れた人やガイド同行向けです。","Published distance: short (1.12 km). | Highland/mountain signal: weather, temperature, and fatigue risk can be higher. | Result: children = Use caution; older adults = Use caution.","公表距離: 短め（1.12km）。 | 山・高原の信号: 天候・気温・疲労リスクが高くなる可能性があります。 | 判定: 子ども = 注意して可、高齢者 = 注意して可。","false","http://kurortwalking.com/file/gifu02/gifu01.pdf","白川郷自然學校周辺の短く手軽な森の散歩道コース"
"gifu02_gifu01_shiratani","岐阜県 白川村","トヨタ白川郷自然學校コース 白谷眺望コース","36.2605","136.893","2.11 km","2.11km","110","gifu02_gifu01","known_length_from_source_text","Mountain/highland","山・高原","Use caution","注意して可","caution","Use caution","注意して可","caution","inferred_from_course_description","Highland or mountain setting; better for confident walkers and guided outings.","山・高原環境のため、歩き慣れた人やガイド同行向けです。","Published distance: moderate (2.11 km). | Highland/mountain signal: weather, temperature, and fatigue risk can be higher. | Result: children = Use caution; older adults = Use caution.","公表距離: 中程度（2.11km）。 | 山・高原の信号: 天候・気温・疲労リスクが高くなる可能性があります。 | 判定: 子ども = 注意して可、高齢者 = 注意して可。","false","http://kurortwalking.com/file/gifu02/gifu01.pdf","白谷方面の眺望を楽しむ中程度の森のコース"
"gifu02_gifu01_tenbodai","岐阜県 白川村","トヨタ白川郷自然學校コース 展望台コース","36.2577","136.8932","2.49 km","2.49km","107","gifu02_gifu01","known_length_from_source_text","Mountain/highland","山・高原","Use caution","注意して可","caution","Use caution","注意して可","caution","inferred_from_course_description","Highland or mountain setting; better for confident walkers and guided outings.","山・高原環境のため、歩き慣れた人やガイド同行向けです。","Published distance: moderate (2.49 km). | Highland/mountain signal: weather, temperature, and fatigue risk can be higher. | Slope signal: hills, viewpoints, old paths, or strong slopes appear in the source description. | Result: children = Use caution; older adults = Use caution.","公表距離: 中程度（2.49km）。 | 山・高原の信号: 天候・気温・疲労リスクが高くなる可能性があります。 | 坂・起伏の信号: 展望地・古道・強い傾斜などが説明に出ています。 | 判定: 子ども = 注意して可、高齢者 = 注意して可。","false","http://kurortwalking.com/file/gifu02/gifu01.pdf","展望台へ向かう、しっかり歩く白川郷自然學校コース"
"shizuoka_shizuoka01","静岡県 小山町","須走・富士山眺望コース","35.362","138.868","3.5 km","3.5km","77","","known_length_from_source_text","Mountain/highland","山・高原","Use caution","注意して可","caution","Use caution","注意して可","caution","inferred_from_course_description","Highland or mountain setting; better for confident walkers and guided outings.","山・高原環境のため、歩き慣れた人やガイド同行向けです。","Published distance: moderate (3.5 km). | Urban/access signal: likely easier to reach and easier to exit early. | Facility signal: public description mentions rest, visitor, station, roadside-station, or hot-spring facilities. | Highland/mountain signal: weather, temperature, and fatigue risk can be higher. | Slope signal: hills, viewpoints, old paths, or strong slopes appear in the source description. | Result: children = Use caution; older adults = Use caution.","公表距離: 中程度（3.5km）。 | 都市・アクセス面の信号: 行きやすく、途中離脱もしやすい可能性があります。 | 施設の信号: 休憩・案内・道の駅・温泉などの施設が説明に出ています。 | 山・高原の信号: 天候・気温・疲労リスクが高くなる可能性があります。 | 坂・起伏の信号: 展望地・古道・強い傾斜などが説明に出ています。 | 判定: 子ども = 注意して可、高齢者 = 注意して可。","false","http://kurortwalking.com/file/shizuoka/shizuoka01.pdf","日本のこころ 富士山を眺めながら楽しむ"
"shizuoka_shizuoka02","静岡県 小山町","足柄古道・銚子ヶ淵コース","35.336","138.986","2.94 km","2.94km","141","","known_length_from_source_text","Hilly","坂・傾斜多め","Use caution","注意して可","caution","Use caution","注意して可","caution","inferred_from_course_description","Includes slopes, viewpoints, or old paths, so pace and rests should be planned.","坂・展望地・古道などを含むため、ペースと休憩計画が必要です。","Published distance: moderate (2.94 km). | Urban/access signal: likely easier to reach and easier to exit early. | Slope signal: hills, viewpoints, old paths, or strong slopes appear in the source description. | Surface/nature signal: coastal, sandy, bridge, cave, stream, or forest-bathing terrain may need extra caution. | Result: children = Use caution; older adults = Use caution.","公表距離: 中程度（2.94km）。 | 都市・アクセス面の信号: 行きやすく、途中離脱もしやすい可能性があります。 | 坂・起伏の信号: 展望地・古道・強い傾斜などが説明に出ています。 | 路面・自然環境の信号: 海岸・砂浜・吊り橋・洞窟・渓流・森林などは注意が必要です。 | 判定: 子ども = 注意して可、高齢者 = 注意して可。","false","http://kurortwalking.com/file/shizuoka/shizuoka02.pdf","金太郎ゆかりの地「足柄古道」を散策する"
"aichi_nagoya_midori_aichi03_midoriku_takinomizu","愛知県 名古屋市緑区 都市型コース（クアの道®・シティ）","360度の大パノラマ！ 滝ノ水コース","35.091","136.973","4.4 km","4.4km","93","","known_length_from_source_text","Rolling","起伏あり","Good fit","向いている","good","Usually OK","概ね可","ok","inferred_from_course_description","Park or urban setting makes this easier to access, though local slopes and distance still matter.","公園・都市型のためアクセスしやすい一方、現地の坂や距離は確認が必要です。","Published distance: longer (4.4 km). | Park setting signal: likely clearer paths and more predictable facilities than remote nature routes. | Result: children = Good fit; older adults = Usually OK.","公表距離: やや長め（4.4km）。 | 公園系の信号: 山道より道や施設を把握しやすい可能性があります。 | 判定: 子ども = 向いている、高齢者 = 概ね可。","false","http://kurortwalking.com/file/aichi-nagoya-midori/aichi03_midoriku_takinomizu.pdf","ビオトープの恵みを感じて心身とも健康に"
"aichi_nagoya_midori_aichi03_midoriku_takinomizu_short","愛知県 名古屋市緑区 都市型コース（クアの道®・シティ）","滝ノ水コース ショートコース","35.091","136.973","2.97 km","2.97km","57","aichi_nagoya_midori_aichi03_midoriku_takinomizu","known_length_from_source_text","Rolling","起伏あり","Good fit","向いている","good","Usually OK","概ね可","ok","inferred_from_course_description","Park or urban setting makes this easier to access, though local slopes and distance still matter.","公園・都市型のためアクセスしやすい一方、現地の坂や距離は確認が必要です。","Published distance: moderate (2.97 km). | Park setting signal: likely clearer paths and more predictable facilities than remote nature routes. | Result: children = Good fit; older adults = Usually OK.","公表距離: 中程度（2.97km）。 | 公園系の信号: 山道より道や施設を把握しやすい可能性があります。 | 判定: 子ども = 向いている、高齢者 = 概ね可。","false","http://kurortwalking.com/file/aichi-nagoya-midori/aichi03_midoriku_takinomizu.pdf","ビオトープの恵みを感じて心身とも健康に"
"aichi_nagoya_midori_aichi03_midoriku_tokushige","愛知県 名古屋市緑区 都市型コース（クアの道®・シティ）","緑のオアシス徳重コース","35.095","137","3.5 km","3.5km","52","","known_length_from_source_text","Rolling","起伏あり","Usually OK","概ね可","ok","Usually OK","概ね可","ok","inferred_from_course_description","Suitability is inferred from public route descriptions; confirm exact distance, surface, and weather before walking.","公開説明からの推定です。歩く前に正確な距離・路面・天候を確認してください。","Published distance: moderate (3.5 km). | Result: children = Usually OK; older adults = Usually OK.","公表距離: 中程度（3.5km）。 | 判定: 子ども = 概ね可、高齢者 = 概ね可。","false","http://kurortwalking.com/file/aichi-nagoya-midori/aichi03_midoriku_tokushige.pdf","都市と里山が調和する日本の原風景を歩く"
"aichi_nagoya_midori_aichi03_midoriku_okehazama","愛知県 名古屋市緑区 都市型コース（クアの道®・シティ）","歴史ロマン！ 決戦桶狭間コース","35.052","136.97","5.08 km","5.08km","61","","known_length_from_source_text","Rolling","起伏あり","Good fit","向いている","good","Usually OK","概ね可","ok","inferred_from_course_description","Park or urban setting makes this easier to access, though local slopes and distance still matter.","公園・都市型のためアクセスしやすい一方、現地の坂や距離は確認が必要です。","Published distance: long (5.08 km). | Urban/access signal: likely easier to reach and easier to exit early. | Park setting signal: likely clearer paths and more predictable facilities than remote nature routes. | Result: children = Good fit; older adults = Usually OK.","公表距離: 長め（5.08km）。 | 都市・アクセス面の信号: 行きやすく、途中離脱もしやすい可能性があります。 | 公園系の信号: 山道より道や施設を把握しやすい可能性があります。 | 判定: 子ども = 向いている、高齢者 = 概ね可。","false","http://kurortwalking.com/file/aichi-nagoya-midori/aichi03_midoriku_okehazama.pdf","桶狭間を歩くー 健康づくりでまちをつなぐ"
"aichi_nagoya_midori_aichi03_midoriku_okehazama_short","愛知県 名古屋市緑区 都市型コース（クアの道®・シティ）","桶狭間コース ショートコース","35.052","136.97","2.61 km","2.61km","36","aichi_nagoya_midori_aichi03_midoriku_okehazama","known_length_from_source_text","Rolling","起伏あり","Good fit","向いている","good","Usually OK","概ね可","ok","inferred_from_course_description","Park or urban setting makes this easier to access, though local slopes and distance still matter.","公園・都市型のためアクセスしやすい一方、現地の坂や距離は確認が必要です。","Published distance: moderate (2.61 km). | Urban/access signal: likely easier to reach and easier to exit early. | Park setting signal: likely clearer paths and more predictable facilities than remote nature routes. | Result: children = Good fit; older adults = Usually OK.","公表距離: 中程度（2.61km）。 | 都市・アクセス面の信号: 行きやすく、途中離脱もしやすい可能性があります。 | 公園系の信号: 山道より道や施設を把握しやすい可能性があります。 | 判定: 子ども = 向いている、高齢者 = 概ね可。","false","http://kurortwalking.com/file/aichi-nagoya-midori/aichi03_midoriku_okehazama.pdf","桶狭間を歩くー 健康づくりでまちをつなぐ"
"aichi_nagoya_midori_aichi03_midoriku_arimatsu","愛知県 名古屋市緑区 都市型コース（クアの道®・シティ）","江戸情緒と絞りのまち 日本遺産有松コース","35.066","136.971","3.02 km","3.02km","64","","known_length_from_source_text","Rolling","起伏あり","Good fit","向いている","good","Usually OK","概ね可","ok","inferred_from_course_description","Park or urban setting makes this easier to access, though local slopes and distance still matter.","公園・都市型のためアクセスしやすい一方、現地の坂や距離は確認が必要です。","Published distance: moderate (3.02 km). | Urban/access signal: likely easier to reach and easier to exit early. | Result: children = Good fit; older adults = Usually OK.","公表距離: 中程度（3.02km）。 | 都市・アクセス面の信号: 行きやすく、途中離脱もしやすい可能性があります。 | 判定: 子ども = 向いている、高齢者 = 概ね可。","false","http://kurortwalking.com/file/aichi-nagoya-midori/aichi03_midoriku_arimatsu.pdf","江戸時代から受け継ぐ文化を感じながら歩く"
"aichi_nagoya_midori_aichi03_midoriku_narumi","愛知県 名古屋市緑区 都市型コース（クアの道®・シティ）","宿場町と芭蕉の風薫る鳴海コース","35.08","136.954","2.79 km","2.79km","54","","known_length_from_source_text","Hilly","坂・傾斜多め","Usually OK","概ね可","ok","Use caution","注意して可","caution","inferred_from_course_description","Park or urban setting makes this easier to access, though local slopes and distance still matter.","公園・都市型のためアクセスしやすい一方、現地の坂や距離は確認が必要です。","Published distance: moderate (2.79 km). | Urban/access signal: likely easier to reach and easier to exit early. | Slope signal: hills, viewpoints, old paths, or strong slopes appear in the source description. | Result: children = Usually OK; older adults = Use caution.","公表距離: 中程度（2.79km）。 | 都市・アクセス面の信号: 行きやすく、途中離脱もしやすい可能性があります。 | 坂・起伏の信号: 展望地・古道・強い傾斜などが説明に出ています。 | 判定: 子ども = 概ね可、高齢者 = 注意して可。","false","http://kurortwalking.com/file/aichi-nagoya-midori/aichi03_midoriku_narumi.pdf","松尾芭蕉も訪れた旧東海道の宿場町を歩く"
"aichi_nagoya_midori_aichi03_midoriku_odaka_castle_sake","愛知県 名古屋市緑区 都市型コース（クアの道®・シティ）","自然と歴史を感じる大高コース 大高城跡・酒蔵コース","35.0688","136.9387","3.03 km","3.03km","30","aichi_nagoya_midori_aichi03_midoriku","known_length_from_source_text","Hilly","坂・傾斜多め","Use caution","注意して可","caution","Use caution","注意して可","caution","inferred_from_course_description","Park or urban setting makes this easier to access, though local slopes and distance still matter.","公園・都市型のためアクセスしやすい一方、現地の坂や距離は確認が必要です。","Published distance: moderate (3.03 km). | Urban/access signal: likely easier to reach and easier to exit early. | Slope signal: hills, viewpoints, old paths, or strong slopes appear in the source description. | Result: children = Use caution; older adults = Use caution.","公表距離: 中程度（3.03km）。 | 都市・アクセス面の信号: 行きやすく、途中離脱もしやすい可能性があります。 | 坂・起伏の信号: 展望地・古道・強い傾斜などが説明に出ています。 | 判定: 子ども = 注意して可、高齢者 = 注意して可。","false","http://kurortwalking.com/file/aichi-nagoya-midori/aichi03_midoriku.pdf","大高城跡と酒蔵のあるまちなみを巡る都市型コース"
"aichi_nagoya_midori_aichi03_midoriku_washizu_marune","愛知県 名古屋市緑区 都市型コース（クアの道®・シティ）","自然と歴史を感じる大高コース 鷲津砦・丸根砦コース","35.0672","136.9413","4.43 km","4.43km","76","aichi_nagoya_midori_aichi03_midoriku","known_length_from_source_text","Hilly","坂・傾斜多め","Use caution","注意して可","caution","Use caution","注意して可","caution","inferred_from_course_description","Includes slopes, viewpoints, or old paths, so pace and rests should be planned.","坂・展望地・古道などを含むため、ペースと休憩計画が必要です。","Published distance: longer (4.43 km). | Slope signal: hills, viewpoints, old paths, or strong slopes appear in the source description. | Result: children = Use caution; older adults = Use caution.","公表距離: やや長め（4.43km）。 | 坂・起伏の信号: 展望地・古道・強い傾斜などが説明に出ています。 | 判定: 子ども = 注意して可、高齢者 = 注意して可。","false","http://kurortwalking.com/file/aichi-nagoya-midori/aichi03_midoriku.pdf","鷲津砦跡と丸根砦跡を巡る大高の歴史コース"
"aichi_nagoya_aichi_nagoya_nakaku","愛知県 名古屋市中区 都市型コース（クアの道®・パーク）","久屋大通 ひさやおおどおり パークコース 〜水の宇宙船からGO！〜","35.1749185","136.908282","2.77 km","2.77km","43","","known_length_from_source_text","Mostly flat","ほぼ平坦","Good fit","向いている","good","Good fit","向いている","good","source_or_manual_review","Urban park route in central Nagoya with easy access and limited natural-terrain risk.","名古屋中心部の都市公園コースで、アクセスしやすく自然路面のリスクは低めです。","Published distance: moderate (2.77 km). | Urban/access signal: likely easier to reach and easier to exit early. | Park setting signal: likely clearer paths and more predictable facilities than remote nature routes. | Slope signal: hills, viewpoints, old paths, or strong slopes appear in the source description. | Result: children = Good fit; older adults = Good fit.","公表距離: 中程度（2.77km）。 | 都市・アクセス面の信号: 行きやすく、途中離脱もしやすい可能性があります。 | 公園系の信号: 山道より道や施設を把握しやすい可能性があります。 | 坂・起伏の信号: 展望地・古道・強い傾斜などが説明に出ています。 | 判定: 子ども = 向いている、高齢者 = 向いている。","true","http://kurortwalking.com/file/aichi-nagoya/aichi-nagoya_nakaku.pdf","名古屋市の繁華街に沿った 久屋大通公園を歩く、都市型のコース"
"aichi_aichi01","愛知県 岡崎市","岡崎城跡周遊コース","34.9559556","137.1593531","1.92 km","1.92km","44","","known_length_from_source_text","Rolling","起伏あり","Good fit","向いている","good","Usually OK","概ね可","ok","inferred_from_course_description","Park or urban setting makes this easier to access, though local slopes and distance still matter.","公園・都市型のためアクセスしやすい一方、現地の坂や距離は確認が必要です。","Published distance: moderate (1.92 km). | Urban/access signal: likely easier to reach and easier to exit early. | Park setting signal: likely clearer paths and more predictable facilities than remote nature routes. | Result: children = Good fit; older adults = Usually OK.","公表距離: 中程度（1.92km）。 | 都市・アクセス面の信号: 行きやすく、途中離脱もしやすい可能性があります。 | 公園系の信号: 山道より道や施設を把握しやすい可能性があります。 | 判定: 子ども = 向いている、高齢者 = 概ね可。","true","http://kurortwalking.com/file/aichi/aichi01.pdf","徳川家康公ゆかりの地で 市民に愛される岡崎城を歩く"
"aichi_aichi02","愛知県 岡崎市","下山いやしの里山コース","35.025","137.33","2.34 km","2.34km","104","","known_length_from_source_text","Hilly","坂・傾斜多め","Use caution","注意して可","caution","Use caution","注意して可","caution","inferred_from_course_description","Includes slopes, viewpoints, or old paths, so pace and rests should be planned.","坂・展望地・古道などを含むため、ペースと休憩計画が必要です。","Published distance: moderate (2.34 km). | Slope signal: hills, viewpoints, old paths, or strong slopes appear in the source description. | Result: children = Use caution; older adults = Use caution.","公表距離: 中程度（2.34km）。 | 坂・起伏の信号: 展望地・古道・強い傾斜などが説明に出ています。 | 判定: 子ども = 注意して可、高齢者 = 注意して可。","false","http://kurortwalking.com/file/aichi/aichi02.pdf","心身ともに癒される 日本の原風景が残る里山を歩く"
"aichi_toyohashi_aichi_toyohashi_iwaya","愛知県 豊橋市","四季彩る岩屋緑地コース","34.729539","137.4308877","1.47 km","1.47km","84","","known_length_from_source_text","Mountain/highland","山・高原","Use caution","注意して可","caution","Use caution","注意して可","caution","inferred_from_course_description","Park or urban setting makes this easier to access, though local slopes and distance still matter.","公園・都市型のためアクセスしやすい一方、現地の坂や距離は確認が必要です。","Published distance: short (1.47 km). | Park setting signal: likely clearer paths and more predictable facilities than remote nature routes. | Facility signal: public description mentions rest, visitor, station, roadside-station, or hot-spring facilities. | Highland/mountain signal: weather, temperature, and fatigue risk can be higher. | Slope signal: hills, viewpoints, old paths, or strong slopes appear in the source description. | Result: children = Use caution; older adults = Use caution.","公表距離: 短め（1.47km）。 | 公園系の信号: 山道より道や施設を把握しやすい可能性があります。 | 施設の信号: 休憩・案内・道の駅・温泉などの施設が説明に出ています。 | 山・高原の信号: 天候・気温・疲労リスクが高くなる可能性があります。 | 坂・起伏の信号: 展望地・古道・強い傾斜などが説明に出ています。 | 判定: 子ども = 注意して可、高齢者 = 注意して可。","true","http://kurortwalking.com/file/aichi-toyohashi/aichi_toyohashi_iwaya.pdf","歴史と自然が織りなす展望の名所 岩屋緑地を歩く"
"aichi_toyohashi_aichi_toyohashi_takashi","愛知県 豊橋市","松風そよぐ 高師 たかし 緑地コース","34.7316917","137.3820338","2.97 km","2.97km","44","","known_length_from_source_text","Rolling","起伏あり","Good fit","向いている","good","Usually OK","概ね可","ok","inferred_from_course_description","Park or urban setting makes this easier to access, though local slopes and distance still matter.","公園・都市型のためアクセスしやすい一方、現地の坂や距離は確認が必要です。","Published distance: moderate (2.97 km). | Park setting signal: likely clearer paths and more predictable facilities than remote nature routes. | Result: children = Good fit; older adults = Usually OK.","公表距離: 中程度（2.97km）。 | 公園系の信号: 山道より道や施設を把握しやすい可能性があります。 | 判定: 子ども = 向いている、高齢者 = 概ね可。","true","http://kurortwalking.com/file/aichi-toyohashi/aichi_toyohashi_takashi.pdf","歴史と自然が調和する高師緑地を歩く"
"mie_mie01","三重県 志摩市","横山天空コース","34.3321059","136.7993101","2.08 km","2.08km","124","","known_length_from_source_text","Hilly","坂・傾斜多め","Use caution","注意して可","caution","Use caution","注意して可","caution","inferred_from_course_description","Park or urban setting makes this easier to access, though local slopes and distance still matter.","公園・都市型のためアクセスしやすい一方、現地の坂や距離は確認が必要です。","Published distance: moderate (2.08 km). | Park setting signal: likely clearer paths and more predictable facilities than remote nature routes. | Facility signal: public description mentions rest, visitor, station, roadside-station, or hot-spring facilities. | Slope signal: hills, viewpoints, old paths, or strong slopes appear in the source description. | Surface/nature signal: coastal, sandy, bridge, cave, stream, or forest-bathing terrain may need extra caution. | Result: children = Use caution; older adults = Use caution.","公表距離: 中程度（2.08km）。 | 公園系の信号: 山道より道や施設を把握しやすい可能性があります。 | 施設の信号: 休憩・案内・道の駅・温泉などの施設が説明に出ています。 | 坂・起伏の信号: 展望地・古道・強い傾斜などが説明に出ています。 | 路面・自然環境の信号: 海岸・砂浜・吊り橋・洞窟・渓流・森林などは注意が必要です。 | 判定: 子ども = 注意して可、高齢者 = 注意して可。","true","http://kurortwalking.com/file/mie/mie01.pdf","伊勢志摩が誇る絶景「英虞」（あご）湾を一望できるコース"
"mie_mie02","三重県志摩市","ともやま公園コース","34.278","136.807","1.84 km","1.84km","50","","known_length_from_source_text","Gentle","ゆるやか","Good fit","向いている","good","Good fit","向いている","good","source_or_manual_review","The source mentions children and beginners can join nearby activities, and the route is park/coast based.","公園・海岸を中心としたコースで、周辺体験は子どもや初心者も参加可能とされています。","Official guide text mentions children and beginners can join nearby sea-kayak eco tours. | Published distance: moderate (1.84 km). | Park setting signal: likely clearer paths and more predictable facilities than remote nature routes. | Facility signal: public description mentions rest, visitor, station, roadside-station, or hot-spring facilities. | Slope signal: hills, viewpoints, old paths, or strong slopes appear in the source description. | Surface/nature signal: coastal, sandy, bridge, cave, stream, or forest-bathing terrain may need extra caution. | Result: children = Good fit; older adults = Good fit.","公式ガイド文に、周辺のシーカヤック体験は子ども・初心者も参加可能とあります。 | 公表距離: 中程度（1.84km）。 | 公園系の信号: 山道より道や施設を把握しやすい可能性があります。 | 施設の信号: 休憩・案内・道の駅・温泉などの施設が説明に出ています。 | 坂・起伏の信号: 展望地・古道・強い傾斜などが説明に出ています。 | 路面・自然環境の信号: 海岸・砂浜・吊り橋・洞窟・渓流・森林などは注意が必要です。 | 判定: 子ども = 向いている、高齢者 = 向いている。","false","http://kurortwalking.com/file/mie/mie02.pdf","干潟、海岸、美しい自然を体感"
"mie_mie02_jiro","三重県志摩市","ともやま公園 次郎六郎コース","34.278","136.807","0.56 km","0.56km","9","mie_mie02","known_length_from_source_text","Hilly","坂・傾斜多め","Use caution","注意して可","caution","Use caution","注意して可","caution","inferred_from_course_description","Park or urban setting makes this easier to access, though local slopes and distance still matter.","公園・都市型のためアクセスしやすい一方、現地の坂や距離は確認が必要です。","Published distance: short (0.56 km). | Park setting signal: likely clearer paths and more predictable facilities than remote nature routes. | Facility signal: public description mentions rest, visitor, station, roadside-station, or hot-spring facilities. | Slope signal: hills, viewpoints, old paths, or strong slopes appear in the source description. | Surface/nature signal: coastal, sandy, bridge, cave, stream, or forest-bathing terrain may need extra caution. | Result: children = Use caution; older adults = Use caution.","公表距離: 短め（0.56km）。 | 公園系の信号: 山道より道や施設を把握しやすい可能性があります。 | 施設の信号: 休憩・案内・道の駅・温泉などの施設が説明に出ています。 | 坂・起伏の信号: 展望地・古道・強い傾斜などが説明に出ています。 | 路面・自然環境の信号: 海岸・砂浜・吊り橋・洞窟・渓流・森林などは注意が必要です。 | 判定: 子ども = 注意して可、高齢者 = 注意して可。","false","http://kurortwalking.com/file/mie/mie02.pdf","干潟、海岸、美しい自然を体感"
"shiga_shiga01","滋賀県 高島市","くつきの森 ユリノキコース","35.355","135.925","2 km","2km","79","","known_length_from_source_text","Mountain/highland","山・高原","Usually OK","概ね可","ok","Use caution","注意して可","caution","inferred_from_course_description","Park or urban setting makes this easier to access, though local slopes and distance still matter.","公園・都市型のためアクセスしやすい一方、現地の坂や距離は確認が必要です。","Published distance: moderate (2 km). | Park setting signal: likely clearer paths and more predictable facilities than remote nature routes. | Highland/mountain signal: weather, temperature, and fatigue risk can be higher. | Result: children = Usually OK; older adults = Use caution.","公表距離: 中程度（2km）。 | 公園系の信号: 山道より道や施設を把握しやすい可能性があります。 | 山・高原の信号: 天候・気温・疲労リスクが高くなる可能性があります。 | 判定: 子ども = 概ね可、高齢者 = 注意して可。","false","http://kurortwalking.com/file/shiga/shiga01.pdf","琵琶湖源流の森、「くつきの森」を歩く"
"shiga_shiga02","滋賀県 高島市","想い出の森 オグラスコース","35.358","135.914","2.23 km","2.23km","83","","known_length_from_source_text","Mountain/highland","山・高原","Use caution","注意して可","caution","Use caution","注意して可","caution","inferred_from_course_description","Highland or mountain setting; better for confident walkers and guided outings.","山・高原環境のため、歩き慣れた人やガイド同行向けです。","Published distance: moderate (2.23 km). | Facility signal: public description mentions rest, visitor, station, roadside-station, or hot-spring facilities. | Highland/mountain signal: weather, temperature, and fatigue risk can be higher. | Result: children = Use caution; older adults = Use caution.","公表距離: 中程度（2.23km）。 | 施設の信号: 休憩・案内・道の駅・温泉などの施設が説明に出ています。 | 山・高原の信号: 天候・気温・疲労リスクが高くなる可能性があります。 | 判定: 子ども = 注意して可、高齢者 = 注意して可。","false","http://kurortwalking.com/file/shiga/shiga02.pdf","「グリーンパーク想い出の森」を拠点に 心身ともにリフレッシュするコース"
"hyogo_hyogo01","兵庫県 多可町","エーデルささゆりガルテンコース","35.0158334","134.9097573","1.29 km","1.29km","78","","known_length_from_source_text","Gentle","ゆるやか","Good fit","向いている","good","Good fit","向いている","good","source_or_manual_review","The source text explicitly says it is easy for older adults and people without exercise habits.","出典文に、運動習慣がない方や高齢者にも歩きやすい静かなコースとあります。","Official guide text explicitly says this course is easy for older adults and people without exercise habits. | Published distance: short (1.29 km). | Result: children = Good fit; older adults = Good fit.","公式ガイド文に、運動習慣がない方や高齢者にも歩きやすいとあります。 | 公表距離: 短め（1.29km）。 | 判定: 子ども = 向いている、高齢者 = 向いている。","true","http://kurortwalking.com/file/hyogo/hyogo01.pdf","南ドイツに似た風景の中でドイツ生まれのウオーキングを"
"hyogo_hyogo02","兵庫県 多可町","なか・やちよの森ヴァルトコース","35.0292718","134.9081645","3.23 km","3.23km","124","","known_length_from_source_text","Mountain/highland","山・高原","Use caution","注意して可","caution","Use caution","注意して可","caution","inferred_from_course_description","Highland or mountain setting; better for confident walkers and guided outings.","山・高原環境のため、歩き慣れた人やガイド同行向けです。","Published distance: moderate (3.23 km). | Highland/mountain signal: weather, temperature, and fatigue risk can be higher. | Slope signal: hills, viewpoints, old paths, or strong slopes appear in the source description. | Result: children = Use caution; older adults = Use caution.","公表距離: 中程度（3.23km）。 | 山・高原の信号: 天候・気温・疲労リスクが高くなる可能性があります。 | 坂・起伏の信号: 展望地・古道・強い傾斜などが説明に出ています。 | 判定: 子ども = 注意して可、高齢者 = 注意して可。","true","http://kurortwalking.com/file/hyogo/hyogo02.pdf","南ドイツの「黒い森」に似た針葉樹のなかで ドイツ生まれのウオーキングを"
"okayama_okayama01","岡山県 新見市","新見富士コース","34.976","133.47","2.06 km","2.06km","180","","known_length_from_source_text","Hilly","坂・傾斜多め","Use caution","注意して可","caution","Use caution","注意して可","caution","source_or_manual_review","The source text notes strong slopes in places.","出典文に、かなり傾斜が強い場所があるとあります。","Official guide text notes that some sections have quite strong slopes. | Published distance: moderate (2.06 km). | Park setting signal: likely clearer paths and more predictable facilities than remote nature routes. | Slope signal: hills, viewpoints, old paths, or strong slopes appear in the source description. | Result: children = Use caution; older adults = Use caution.","公式ガイド文に、かなり傾斜が強い場所があるとあります。 | 公表距離: 中程度（2.06km）。 | 公園系の信号: 山道より道や施設を把握しやすい可能性があります。 | 坂・起伏の信号: 展望地・古道・強い傾斜などが説明に出ています。 | 判定: 子ども = 注意して可、高齢者 = 注意して可。","false","http://kurortwalking.com/file/okayama/okayama01.pdf","市民が親しむ運動公園を拠点に 新見富士の傾斜を活かしたコース"
"okayama_okayama02","岡山県 新見市","満奇洞コース","34.9715943","133.5836781","1.51 km","1.51km","108","","known_length_from_source_text","Rolling","起伏あり","Good fit","向いている","good","Usually OK","概ね可","ok","inferred_from_course_description","Park or urban setting makes this easier to access, though local slopes and distance still matter.","公園・都市型のためアクセスしやすい一方、現地の坂や距離は確認が必要です。","Published distance: moderate (1.51 km). | Park setting signal: likely clearer paths and more predictable facilities than remote nature routes. | Surface/nature signal: coastal, sandy, bridge, cave, stream, or forest-bathing terrain may need extra caution. | Result: children = Good fit; older adults = Usually OK.","公表距離: 中程度（1.51km）。 | 公園系の信号: 山道より道や施設を把握しやすい可能性があります。 | 路面・自然環境の信号: 海岸・砂浜・吊り橋・洞窟・渓流・森林などは注意が必要です。 | 判定: 子ども = 向いている、高齢者 = 概ね可。","true","http://kurortwalking.com/file/okayama/okayama02.pdf","鍾乳洞の特性を活用する新見市ならではのコース"
"nagasaki_saikai_nagasaki_saikai_shihondo","長崎県 西海市","四本堂 しほんどう 公園コース","32.994","129.663","1.83 km","1.83km","74","","known_length_from_source_text","Hilly","坂・傾斜多め","Use caution","注意して可","caution","Use caution","注意して可","caution","inferred_from_course_description","Park or urban setting makes this easier to access, though local slopes and distance still matter.","公園・都市型のためアクセスしやすい一方、現地の坂や距離は確認が必要です。","Published distance: moderate (1.83 km). | Park setting signal: likely clearer paths and more predictable facilities than remote nature routes. | Slope signal: hills, viewpoints, old paths, or strong slopes appear in the source description. | Surface/nature signal: coastal, sandy, bridge, cave, stream, or forest-bathing terrain may need extra caution. | Result: children = Use caution; older adults = Use caution.","公表距離: 中程度（1.83km）。 | 公園系の信号: 山道より道や施設を把握しやすい可能性があります。 | 坂・起伏の信号: 展望地・古道・強い傾斜などが説明に出ています。 | 路面・自然環境の信号: 海岸・砂浜・吊り橋・洞窟・渓流・森林などは注意が必要です。 | 判定: 子ども = 注意して可、高齢者 = 注意して可。","false","http://kurortwalking.com/file/nagasaki-saikai/nagasaki_saikai_shihondo.pdf","海に囲まれた開放感ある眺望と 四季折々の花が楽しめる癒しのコース"
"nagasaki_saikai_nagasaki_saikai_isanoura","長崎県 西海市","伊佐ノ浦公園コース","33.0133805","129.6880634","2.1 km","2.1km","73","","known_length_from_source_text","Hilly","坂・傾斜多め","Use caution","注意して可","caution","Use caution","注意して可","caution","inferred_from_course_description","Park or urban setting makes this easier to access, though local slopes and distance still matter.","公園・都市型のためアクセスしやすい一方、現地の坂や距離は確認が必要です。","Published distance: moderate (2.1 km). | Park setting signal: likely clearer paths and more predictable facilities than remote nature routes. | Slope signal: hills, viewpoints, old paths, or strong slopes appear in the source description. | Surface/nature signal: coastal, sandy, bridge, cave, stream, or forest-bathing terrain may need extra caution. | Result: children = Use caution; older adults = Use caution.","公表距離: 中程度（2.1km）。 | 公園系の信号: 山道より道や施設を把握しやすい可能性があります。 | 坂・起伏の信号: 展望地・古道・強い傾斜などが説明に出ています。 | 路面・自然環境の信号: 海岸・砂浜・吊り橋・洞窟・渓流・森林などは注意が必要です。 | 判定: 子ども = 注意して可、高齢者 = 注意して可。","true","http://kurortwalking.com/file/nagasaki-saikai/nagasaki_saikai_isanoura.pdf","伊佐ノ浦の魅力がギュッと凝縮 変化に富む自然環境を全身で感じる"
"nagasaki_saikai_nagasaki_saikai_isanoura_optional","長崎県 西海市","伊佐ノ浦公園 オプションコース","33.0180634","129.6845211","2.2 km","2.2km","37","nagasaki_saikai_nagasaki_saikai_isanoura","known_length_from_source_text","Hilly","坂・傾斜多め","Use caution","注意して可","caution","Use caution","注意して可","caution","inferred_from_course_description","Park or urban setting makes this easier to access, though local slopes and distance still matter.","公園・都市型のためアクセスしやすい一方、現地の坂や距離は確認が必要です。","Published distance: moderate (2.2 km). | Park setting signal: likely clearer paths and more predictable facilities than remote nature routes. | Slope signal: hills, viewpoints, old paths, or strong slopes appear in the source description. | Surface/nature signal: coastal, sandy, bridge, cave, stream, or forest-bathing terrain may need extra caution. | Result: children = Use caution; older adults = Use caution.","公表距離: 中程度（2.2km）。 | 公園系の信号: 山道より道や施設を把握しやすい可能性があります。 | 坂・起伏の信号: 展望地・古道・強い傾斜などが説明に出ています。 | 路面・自然環境の信号: 海岸・砂浜・吊り橋・洞窟・渓流・森林などは注意が必要です。 | 判定: 子ども = 注意して可、高齢者 = 注意して可。","true","http://kurortwalking.com/file/nagasaki-saikai/nagasaki_saikai_isanoura.pdf","伊佐ノ浦の魅力がギュッと凝縮 変化に富む自然環境を全身で感じる"
"nagasaki_saikai_nagasaki_saikai_kyuragi","長崎県 西海市","久良木 きゅうらぎ 森林浴の森コース","32.995","129.723","1.81 km","1.81km","80","","known_length_from_source_text","Rolling","起伏あり","Usually OK","概ね可","ok","Usually OK","概ね可","ok","inferred_from_course_description","Suitability is inferred from public route descriptions; confirm exact distance, surface, and weather before walking.","公開説明からの推定です。歩く前に正確な距離・路面・天候を確認してください。","Published distance: moderate (1.81 km). | Surface/nature signal: coastal, sandy, bridge, cave, stream, or forest-bathing terrain may need extra caution. | Result: children = Usually OK; older adults = Usually OK.","公表距離: 中程度（1.81km）。 | 路面・自然環境の信号: 海岸・砂浜・吊り橋・洞窟・渓流・森林などは注意が必要です。 | 判定: 子ども = 概ね可、高齢者 = 概ね可。","false","http://kurortwalking.com/file/nagasaki-saikai/nagasaki_saikai_kyuragi.pdf","樹齢60年を超えるヒノキ林の中を歩き 森林浴で心身のバランスが整うコース"
"nagasaki_saikai_nagasaki_saikai_ooshima","長崎県 西海市","大島若人の森コース","33.003","129.632","2.28 km","2.28km","100","","known_length_from_source_text","Hilly","坂・傾斜多め","Use caution","注意して可","caution","Use caution","注意して可","caution","inferred_from_course_description","Park or urban setting makes this easier to access, though local slopes and distance still matter.","公園・都市型のためアクセスしやすい一方、現地の坂や距離は確認が必要です。","Published distance: moderate (2.28 km). | Park setting signal: likely clearer paths and more predictable facilities than remote nature routes. | Slope signal: hills, viewpoints, old paths, or strong slopes appear in the source description. | Surface/nature signal: coastal, sandy, bridge, cave, stream, or forest-bathing terrain may need extra caution. | Result: children = Use caution; older adults = Use caution.","公表距離: 中程度（2.28km）。 | 公園系の信号: 山道より道や施設を把握しやすい可能性があります。 | 坂・起伏の信号: 展望地・古道・強い傾斜などが説明に出ています。 | 路面・自然環境の信号: 海岸・砂浜・吊り橋・洞窟・渓流・森林などは注意が必要です。 | 判定: 子ども = 注意して可、高齢者 = 注意して可。","false","http://kurortwalking.com/file/nagasaki-saikai/nagasaki_saikai_ooshima.pdf","青く輝く海と空、悠久の時を刻む森 広大なパノラマが展開するコース"
"oita_oita01","大分県 由布市","大杵社コース","33.260741","131.3599845","About 3 km","約3km","","","known_length_from_source_text","Rolling","起伏あり","Usually OK","概ね可","ok","Usually OK","概ね可","ok","inferred_from_course_description","Suitability is inferred from public route descriptions; confirm exact distance, surface, and weather before walking.","公開説明からの推定です。歩く前に正確な距離・路面・天候を確認してください。","Published distance: moderate (3 km). | Highland/mountain signal: weather, temperature, and fatigue risk can be higher. | Result: children = Usually OK; older adults = Usually OK.","公表距離: 中程度（3km）。 | 山・高原の信号: 天候・気温・疲労リスクが高くなる可能性があります。 | 判定: 子ども = 概ね可、高齢者 = 概ね可。","true","http://kurortwalking.com/file/oita/oita01.pdf","日本でいち早く、ドイツのクアオルトを手本に まちづくりを志した由布院を歩く"
"miyazaki_miyazaki01","宮崎県 延岡市","金堂ヶ池コース","32.589","131.655","1.79 km","1.79km","80","","known_length_from_source_text","Hilly","坂・傾斜多め","Usually OK","概ね可","ok","Use caution","注意して可","caution","inferred_from_course_description","Park or urban setting makes this easier to access, though local slopes and distance still matter.","公園・都市型のためアクセスしやすい一方、現地の坂や距離は確認が必要です。","Published distance: moderate (1.79 km). | Park setting signal: likely clearer paths and more predictable facilities than remote nature routes. | Slope signal: hills, viewpoints, old paths, or strong slopes appear in the source description. | Result: children = Usually OK; older adults = Use caution.","公表距離: 中程度（1.79km）。 | 公園系の信号: 山道より道や施設を把握しやすい可能性があります。 | 坂・起伏の信号: 展望地・古道・強い傾斜などが説明に出ています。 | 判定: 子ども = 概ね可、高齢者 = 注意して可。","false","http://kurortwalking.com/file/miyazaki/miyazaki01.pdf","住民の憩いの場「金堂ヶ池」周辺を活用するコース"
"miyazaki_miyazaki02","宮崎県 延岡市","須美江コース","32.701","131.802","2.53 km","2.53km","81","","known_length_from_source_text","Rolling","起伏あり","Usually OK","概ね可","ok","Usually OK","概ね可","ok","inferred_from_course_description","Suitability is inferred from public route descriptions; confirm exact distance, surface, and weather before walking.","公開説明からの推定です。歩く前に正確な距離・路面・天候を確認してください。","Published distance: moderate (2.53 km). | Surface/nature signal: coastal, sandy, bridge, cave, stream, or forest-bathing terrain may need extra caution. | Result: children = Usually OK; older adults = Usually OK.","公表距離: 中程度（2.53km）。 | 路面・自然環境の信号: 海岸・砂浜・吊り橋・洞窟・渓流・森林などは注意が必要です。 | 判定: 子ども = 概ね可、高齢者 = 概ね可。","false","http://kurortwalking.com/file/miyazaki/miyazaki02.pdf","海も山も楽しもう！延岡市の魅力が詰まったコース"